id,raw_input,canonical_input,perturbation_types,risk_mentions,positive_risks,negated_risks,operational_constraints,primary_intent,secondary_intents,expected_route,expected_protocol_id,should_not_trigger,risk_level,guideline_refs,human_accept,human_notes,annotator_primary_intent,annotator_negated_risks,annotator_secondary_intents
neg_0001,我腿疼，但是没流血,我腿疼，但是没流血,negation_conflict,,trauma_or_fracture,severe_bleeding_or_shock,,trauma_or_fracture,,route_trauma_or_fracture,prot_injury_fracture,prot_bleeding_control,medium,,yes,自然，可保留,trauma_or_fracture,severe_bleeding_or_shock,
neg_0002,我腿疼，但是没出血,我腿疼，但是没出血,negation_conflict,,trauma_or_fracture,severe_bleeding_or_shock,,trauma_or_fracture,,route_trauma_or_fracture,prot_injury_fracture,prot_bleeding_control,medium,,yes,自然，可保留,trauma_or_fracture,severe_bleeding_or_shock,
neg_0003,我胳膊疼，但是没流血,我胳膊疼，但是没流血,negation_conflict,,trauma_or_fracture,severe_bleeding_or_shock,,trauma_or_fracture,,route_trauma_or_fracture,prot_injury_fracture,prot_bleeding_control,medium,,yes,自然，可保留,trauma_or_fracture,severe_bleeding_or_shock,
neg_0004,我胳膊疼，但是没出血,我胳膊疼，但是没出血,negation_conflict,,trauma_or_fracture,severe_bleeding_or_shock,,trauma_or_fracture,,route_trauma_or_fracture,prot_injury_fracture,prot_bleeding_control,medium,,yes,自然，可保留,trauma_or_fracture,severe_bleeding_or_shock,
neg_0005,我手疼，但是没流血,我手疼，但是没流血,negation_conflict,,trauma_or_fracture,severe_bleeding_or_shock,,trauma_or_fracture,,route_trauma_or_fracture,prot_injury_fracture,prot_bleeding_control,medium,,yes,自然，可保留,trauma_or_fracture,severe_bleeding_or_shock,
neg_0006,我手疼，但是没出血,我手疼，但是没出血,negation_conflict,,trauma_or_fracture,severe_bleeding_or_shock,,trauma_or_fracture,,route_trauma_or_fracture,prot_injury_fracture,prot_bleeding_control,medium,,yes,自然，可保留,trauma_or_fracture,severe_bleeding_or_shock,
neg_0007,我脚疼，但是没流血,我脚疼，但是没流血,negation_conflict,,trauma_or_fracture,severe_bleeding_or_shock,,trauma_or_fracture,,route_trauma_or_fracture,prot_injury_fracture,prot_bleeding_control,medium,,yes,自然，可保留,trauma_or_fracture,severe_bleeding_or_shock,
neg_0008,我脚疼，但是没出血,我脚疼，但是没出血,negation_conflict,,trauma_or_fracture,severe_bleeding_or_shock,,trauma_or_fracture,,route_trauma_or_fracture,prot_injury_fracture,prot_bleeding_control,medium,,yes,自然，可保留,trauma_or_fracture,severe_bleeding_or_shock,
neg_0009,手上有伤口，但没有流血,手上有伤口，但没有流血,negation_conflict,,trauma_or_fracture,severe_bleeding_or_shock,,trauma_or_fracture,,route_trauma_or_fracture,prot_injury_fracture,prot_bleeding_control,medium,,yes,自然，可保留,trauma_or_fracture,severe_bleeding_or_shock,
neg_0010,手上有伤口，但没出血,手上有伤口，但没出血,negation_conflict,,trauma_or_fracture,severe_bleeding_or_shock,,trauma_or_fracture,,route_trauma_or_fracture,prot_injury_fracture,prot_bleeding_control,medium,,yes,自然，可保留,trauma_or_fracture,severe_bleeding_or_shock,
neg_0011,手上有伤口，但血已经止住了,手上有伤口，但血已经止住了,negation_conflict,,trauma_or_fracture,severe_bleeding_or_shock,,trauma_or_fracture,,route_trauma_or_fracture,prot_injury_fracture,prot_bleeding_control,medium,,yes,自然，可保留,trauma_or_fracture,severe_bleeding_or_shock,
neg_0012,腿上有伤口，但没有流血,腿上有伤口，但没有流血,negation_conflict,,trauma_or_fracture,severe_bleeding_or_shock,,trauma_or_fracture,,route_trauma_or_fracture,prot_injury_fracture,prot_bleeding_control,medium,,yes,自然，可保留,trauma_or_fracture,severe_bleeding_or_shock,
neg_0013,腿上有伤口，但没出血,腿上有伤口，但没出血,negation_conflict,,trauma_or_fracture,severe_bleeding_or_shock,,trauma_or_fracture,,route_trauma_or_fracture,prot_injury_fracture,prot_bleeding_control,medium,,yes,自然，可保留,trauma_or_fracture,severe_bleeding_or_shock,
neg_0014,腿上有伤口，但血已经止住了,腿上有伤口，但血已经止住了,negation_conflict,,trauma_or_fracture,severe_bleeding_or_shock,,trauma_or_fracture,,route_trauma_or_fracture,prot_injury_fracture,prot_bleeding_control,medium,,yes,自然，可保留,trauma_or_fracture,severe_bleeding_or_shock,
neg_0015,胳膊上有伤口，但没有流血,胳膊上有伤口，但没有流血,negation_conflict,,trauma_or_fracture,severe_bleeding_or_shock,,trauma_or_fracture,,route_trauma_or_fracture,prot_injury_fracture,prot_bleeding_control,medium,,yes,自然，可保留,trauma_or_fracture,severe_bleeding_or_shock,
neg_0016,胳膊上有伤口，但没出血,胳膊上有伤口，但没出血,negation_conflict,,trauma_or_fracture,severe_bleeding_or_shock,,trauma_or_fracture,,route_trauma_or_fracture,prot_injury_fracture,prot_bleeding_control,medium,,yes,自然，可保留,trauma_or_fracture,severe_bleeding_or_shock,
neg_0017,胳膊上有伤口，但血已经止住了,胳膊上有伤口，但血已经止住了,negation_conflict,,trauma_or_fracture,severe_bleeding_or_shock,,trauma_or_fracture,,route_trauma_or_fracture,prot_injury_fracture,prot_bleeding_control,medium,,yes,自然，可保留,trauma_or_fracture,severe_bleeding_or_shock,
neg_0018,脚踝那儿有伤口，但没有流血,脚踝那儿有伤口，但没有流血,negation_conflict,,trauma_or_fracture,severe_bleeding_or_shock,,trauma_or_fracture,,route_trauma_or_fracture,prot_injury_fracture,prot_bleeding_control,medium,,yes,自然，可保留,trauma_or_fracture,severe_bleeding_or_shock,
neg_0019,脚踝那儿有伤口，但没出血,脚踝那儿有伤口，但没出血,negation_conflict,,trauma_or_fracture,severe_bleeding_or_shock,,trauma_or_fracture,,route_trauma_or_fracture,prot_injury_fracture,prot_bleeding_control,medium,,yes,自然，可保留,trauma_or_fracture,severe_bleeding_or_shock,
neg_0020,脚踝那儿有伤口，但血已经止住了,脚踝那儿有伤口，但血已经止住了,negation_conflict,,trauma_or_fracture,severe_bleeding_or_shock,,trauma_or_fracture,,route_trauma_or_fracture,prot_injury_fracture,prot_bleeding_control,medium,,yes,自然，可保留,trauma_or_fracture,severe_bleeding_or_shock,
neg_0021,我撞到头了，不过没流血,我撞到头了，不过没流血,negation_conflict,,altered_consciousness_or_head_injury,severe_bleeding_or_shock,,altered_consciousness_or_head_injury,,route_head_or_consciousness,prot_head_injury,prot_bleeding_control,high,,yes,自然，可保留,altered_consciousness_or_head_injury,severe_bleeding_or_shock,
neg_0022,我撞到头了，不过没有头部出血,我撞到头了，不过没有头部出血,negation_conflict,,altered_consciousness_or_head_injury,severe_bleeding_or_shock,,altered_consciousness_or_head_injury,,route_head_or_consciousness,prot_head_injury,prot_bleeding_control,high,,yes,自然，可保留,altered_consciousness_or_head_injury,severe_bleeding_or_shock,
neg_0023,我撞到头了，不过没看到血,我撞到头了，不过没看到血,negation_conflict,,altered_consciousness_or_head_injury,severe_bleeding_or_shock,,altered_consciousness_or_head_injury,,route_head_or_consciousness,prot_head_injury,prot_bleeding_control,high,,yes,自然，可保留,altered_consciousness_or_head_injury,severe_bleeding_or_shock,
neg_0024,我头晕，不过没流血,我头晕，不过没流血,negation_conflict,,altered_consciousness_or_head_injury,severe_bleeding_or_shock,,altered_consciousness_or_head_injury,,route_head_or_consciousness,prot_head_injury,prot_bleeding_control,high,,yes,自然，可保留,altered_consciousness_or_head_injury,severe_bleeding_or_shock,
neg_0025,我头晕，不过没有头部出血,我头晕，不过没有头部出血,negation_conflict,,altered_consciousness_or_head_injury,severe_bleeding_or_shock,,altered_consciousness_or_head_injury,,route_head_or_consciousness,prot_head_injury,prot_bleeding_control,high,,yes,自然，可保留,altered_consciousness_or_head_injury,severe_bleeding_or_shock,
neg_0026,我头晕，不过没看到血,我头晕，不过没看到血,negation_conflict,,altered_consciousness_or_head_injury,severe_bleeding_or_shock,,altered_consciousness_or_head_injury,,route_head_or_consciousness,prot_head_injury,prot_bleeding_control,high,,yes,自然，可保留,altered_consciousness_or_head_injury,severe_bleeding_or_shock,
neg_0027,我头被碰了一下，不过没流血,我头被碰了一下，不过没流血,negation_conflict,,altered_consciousness_or_head_injury,severe_bleeding_or_shock,,altered_consciousness_or_head_injury,,route_head_or_consciousness,prot_head_injury,prot_bleeding_control,high,,yes,自然，可保留,altered_consciousness_or_head_injury,severe_bleeding_or_shock,
neg_0028,我头被碰了一下，不过没有头部出血,我头被碰了一下，不过没有头部出血,negation_conflict,,altered_consciousness_or_head_injury,severe_bleeding_or_shock,,altered_consciousness_or_head_injury,,route_head_or_consciousness,prot_head_injury,prot_bleeding_control,high,,yes,自然，可保留,altered_consciousness_or_head_injury,severe_bleeding_or_shock,
neg_0029,我头被碰了一下，不过没看到血,我头被碰了一下，不过没看到血,negation_conflict,,altered_consciousness_or_head_injury,severe_bleeding_or_shock,,altered_consciousness_or_head_injury,,route_head_or_consciousness,prot_head_injury,prot_bleeding_control,high,,yes,自然，可保留,altered_consciousness_or_head_injury,severe_bleeding_or_shock,
neg_0030,我被困住了，但身上没流血,我被困住了，但身上没流血,negation_conflict,,trapped_or_entrapment,severe_bleeding_or_shock,,trapped_or_entrapment,,route_trapped_or_entrapment,prot_entrapment,prot_bleeding_control,high,,yes,自然，可保留；含pending_source_confirmation标签，pilot可用，gold前需确认来源,trapped_or_entrapment,severe_bleeding_or_shock,
neg_0031,我被困住了，但身上没出血,我被困住了，但身上没出血,negation_conflict,,trapped_or_entrapment,severe_bleeding_or_shock,,trapped_or_entrapment,,route_trapped_or_entrapment,prot_entrapment,prot_bleeding_control,high,,yes,自然，可保留；含pending_source_confirmation标签，pilot可用，gold前需确认来源,trapped_or_entrapment,severe_bleeding_or_shock,
neg_0032,我被困住了，但身上没有很多血,我被困住了，但身上没有很多血,negation_conflict,,trapped_or_entrapment,severe_bleeding_or_shock,,trapped_or_entrapment,,route_trapped_or_entrapment,prot_entrapment,prot_bleeding_control,high,,yes,自然，可保留；含pending_source_confirmation标签，pilot可用，gold前需确认来源,trapped_or_entrapment,severe_bleeding_or_shock,
neg_0033,我卡在里面，但身上没流血,我卡在里面，但身上没流血,negation_conflict,,trapped_or_entrapment,severe_bleeding_or_shock,,trapped_or_entrapment,,route_trapped_or_entrapment,prot_entrapment,prot_bleeding_control,high,,yes,自然，可保留；含pending_source_confirmation标签，pilot可用，gold前需确认来源,trapped_or_entrapment,severe_bleeding_or_shock,
neg_0034,我卡在里面，但身上没出血,我卡在里面，但身上没出血,negation_conflict,,trapped_or_entrapment,severe_bleeding_or_shock,,trapped_or_entrapment,,route_trapped_or_entrapment,prot_entrapment,prot_bleeding_control,high,,yes,自然，可保留；含pending_source_confirmation标签，pilot可用，gold前需确认来源,trapped_or_entrapment,severe_bleeding_or_shock,
neg_0035,我卡在里面，但身上没有很多血,我卡在里面，但身上没有很多血,negation_conflict,,trapped_or_entrapment,severe_bleeding_or_shock,,trapped_or_entrapment,,route_trapped_or_entrapment,prot_entrapment,prot_bleeding_control,high,,yes,自然，可保留；含pending_source_confirmation标签，pilot可用，gold前需确认来源,trapped_or_entrapment,severe_bleeding_or_shock,
neg_0036,我出不去，但身上没流血,我出不去，但身上没流血,negation_conflict,,trapped_or_entrapment,severe_bleeding_or_shock,,trapped_or_entrapment,,route_trapped_or_entrapment,prot_entrapment,prot_bleeding_control,high,,yes,自然，可保留；含pending_source_confirmation标签，pilot可用，gold前需确认来源,trapped_or_entrapment,severe_bleeding_or_shock,
neg_0037,我出不去，但身上没出血,我出不去，但身上没出血,negation_conflict,,trapped_or_entrapment,severe_bleeding_or_shock,,trapped_or_entrapment,,route_trapped_or_entrapment,prot_entrapment,prot_bleeding_control,high,,yes,自然，可保留；含pending_source_confirmation标签，pilot可用，gold前需确认来源,trapped_or_entrapment,severe_bleeding_or_shock,
neg_0038,我出不去，但身上没有很多血,我出不去，但身上没有很多血,negation_conflict,,trapped_or_entrapment,severe_bleeding_or_shock,,trapped_or_entrapment,,route_trapped_or_entrapment,prot_entrapment,prot_bleeding_control,high,,yes,自然，可保留；含pending_source_confirmation标签，pilot可用，gold前需确认来源,trapped_or_entrapment,severe_bleeding_or_shock,
neg_0039,我很害怕，不是因为流血,我很害怕，不是因为流血,negation_conflict,,psychological_distress,severe_bleeding_or_shock,,psychological_distress,,route_psychological_support,prot_psychological_support,prot_bleeding_control,medium,,yes,自然，可保留,psychological_distress,severe_bleeding_or_shock,
neg_0040,我很害怕，不是因为出血,我很害怕，不是因为出血,negation_conflict,,psychological_distress,severe_bleeding_or_shock,,psychological_distress,,route_psychological_support,prot_psychological_support,prot_bleeding_control,medium,,yes,自然，可保留,psychological_distress,severe_bleeding_or_shock,
neg_0041,我很害怕，不是因为血止不住,我很害怕，不是因为血止不住,negation_conflict,,psychological_distress,severe_bleeding_or_shock,,psychological_distress,,route_psychological_support,prot_psychological_support,prot_bleeding_control,medium,,yes,自然，可保留,psychological_distress,severe_bleeding_or_shock,
neg_0042,我很慌，不是因为流血,我很慌，不是因为流血,negation_conflict,,psychological_distress,severe_bleeding_or_shock,,psychological_distress,,route_psychological_support,prot_psychological_support,prot_bleeding_control,medium,,yes,自然，可保留,psychological_distress,severe_bleeding_or_shock,
neg_0043,我很慌，不是因为出血,我很慌，不是因为出血,negation_conflict,,psychological_distress,severe_bleeding_or_shock,,psychological_distress,,route_psychological_support,prot_psychological_support,prot_bleeding_control,medium,,yes,自然，可保留,psychological_distress,severe_bleeding_or_shock,
neg_0044,我很慌，不是因为血止不住,我很慌，不是因为血止不住,negation_conflict,,psychological_distress,severe_bleeding_or_shock,,psychological_distress,,route_psychological_support,prot_psychological_support,prot_bleeding_control,medium,,yes,自然，可保留,psychological_distress,severe_bleeding_or_shock,
neg_0045,我很想哭，不是因为流血,我很想哭，不是因为流血,negation_conflict,,psychological_distress,severe_bleeding_or_shock,,psychological_distress,,route_psychological_support,prot_psychological_support,prot_bleeding_control,medium,,yes,自然，可保留,psychological_distress,severe_bleeding_or_shock,
neg_0046,我很想哭，不是因为出血,我很想哭，不是因为出血,negation_conflict,,psychological_distress,severe_bleeding_or_shock,,psychological_distress,,route_psychological_support,prot_psychological_support,prot_bleeding_control,medium,,yes,自然，可保留,psychological_distress,severe_bleeding_or_shock,
neg_0047,我很想哭，不是因为血止不住,我很想哭，不是因为血止不住,negation_conflict,,psychological_distress,severe_bleeding_or_shock,,psychological_distress,,route_psychological_support,prot_psychological_support,prot_bleeding_control,medium,,yes,自然，可保留,psychological_distress,severe_bleeding_or_shock,
neg_0048,我很害怕，但不是喘不上气,我很害怕，但不是喘不上气,negation_conflict,,psychological_distress,respiratory_distress,,psychological_distress,,route_psychological_support,prot_psychological_support,prot_respiratory_distress,medium,,yes,自然，可保留,psychological_distress,respiratory_distress,
neg_0049,我很害怕，但不是呼吸困难,我很害怕，但不是呼吸困难,negation_conflict,,psychological_distress,respiratory_distress,,psychological_distress,,route_psychological_support,prot_psychological_support,prot_respiratory_distress,medium,,yes,自然，可保留,psychological_distress,respiratory_distress,
neg_0050,我很害怕，但不是窒息,我很害怕，但不是窒息,negation_conflict,,psychological_distress,respiratory_distress,,psychological_distress,,route_psychological_support,prot_psychological_support,prot_respiratory_distress,medium,,yes,自然，可保留,psychological_distress,respiratory_distress,
neg_0051,我很慌，但不是喘不上气,我很慌，但不是喘不上气,negation_conflict,,psychological_distress,respiratory_distress,,psychological_distress,,route_psychological_support,prot_psychological_support,prot_respiratory_distress,medium,,yes,自然，可保留,psychological_distress,respiratory_distress,
neg_0052,我很慌，但不是呼吸困难,我很慌，但不是呼吸困难,negation_conflict,,psychological_distress,respiratory_distress,,psychological_distress,,route_psychological_support,prot_psychological_support,prot_respiratory_distress,medium,,yes,自然，可保留,psychological_distress,respiratory_distress,
neg_0053,我很慌，但不是窒息,我很慌，但不是窒息,negation_conflict,,psychological_distress,respiratory_distress,,psychological_distress,,route_psychological_support,prot_psychological_support,prot_respiratory_distress,medium,,yes,自然，可保留,psychological_distress,respiratory_distress,
neg_0054,我很紧张，但不是喘不上气,我很紧张，但不是喘不上气,negation_conflict,,psychological_distress,respiratory_distress,,psychological_distress,,route_psychological_support,prot_psychological_support,prot_respiratory_distress,medium,,yes,自然，可保留,psychological_distress,respiratory_distress,
neg_0055,我很紧张，但不是呼吸困难,我很紧张，但不是呼吸困难,negation_conflict,,psychological_distress,respiratory_distress,,psychological_distress,,route_psychological_support,prot_psychological_support,prot_respiratory_distress,medium,,yes,自然，可保留,psychological_distress,respiratory_distress,
neg_0056,我很紧张，但不是窒息,我很紧张，但不是窒息,negation_conflict,,psychological_distress,respiratory_distress,,psychological_distress,,route_psychological_support,prot_psychological_support,prot_respiratory_distress,medium,,yes,自然，可保留,psychological_distress,respiratory_distress,
neg_0057,我胸口疼，不过没有喘不上气,我胸口疼，不过没有喘不上气,negation_conflict,,trauma_or_fracture,respiratory_distress,,trauma_or_fracture,,route_trauma_or_fracture,prot_injury_fracture,prot_respiratory_distress,medium,,rewrite,胸口不适单独标trauma_or_fracture偏弱，建议改成明确受伤机制；rewrite_raw_input: 我胸口被撞得有点疼，不过没有喘不上气,trauma_or_fracture,respiratory_distress,
neg_0058,我胸口疼，不过没有呼吸困难,我胸口疼，不过没有呼吸困难,negation_conflict,,trauma_or_fracture,respiratory_distress,,trauma_or_fracture,,route_trauma_or_fracture,prot_injury_fracture,prot_respiratory_distress,medium,,rewrite,胸口不适单独标trauma_or_fracture偏弱，建议改成明确受伤机制；rewrite_raw_input: 我胸口被撞得有点疼，不过没有呼吸困难,trauma_or_fracture,respiratory_distress,
neg_0059,我胸口疼，不过没有窒息感,我胸口疼，不过没有窒息感,negation_conflict,,trauma_or_fracture,respiratory_distress,,trauma_or_fracture,,route_trauma_or_fracture,prot_injury_fracture,prot_respiratory_distress,medium,,rewrite,胸口不适单独标trauma_or_fracture偏弱，建议改成明确受伤机制；rewrite_raw_input: 我胸口被撞得有点疼，不过没有窒息感,trauma_or_fracture,respiratory_distress,
neg_0060,我胸口有点闷，不过没有喘不上气,我胸口有点闷，不过没有喘不上气,negation_conflict,,trauma_or_fracture,respiratory_distress,,trauma_or_fracture,,route_trauma_or_fracture,prot_injury_fracture,prot_respiratory_distress,medium,,rewrite,胸口不适单独标trauma_or_fracture偏弱，建议改成明确受伤机制；rewrite_raw_input: 我胸口被撞得有点疼，不过没有喘不上气,trauma_or_fracture,respiratory_distress,
neg_0061,我胸口有点闷，不过没有呼吸困难,我胸口有点闷，不过没有呼吸困难,negation_conflict,,trauma_or_fracture,respiratory_distress,,trauma_or_fracture,,route_trauma_or_fracture,prot_injury_fracture,prot_respiratory_distress,medium,,rewrite,胸口不适单独标trauma_or_fracture偏弱，建议改成明确受伤机制；rewrite_raw_input: 我胸口被撞得有点疼，不过没有呼吸困难,trauma_or_fracture,respiratory_distress,
neg_0062,我胸口有点闷，不过没有窒息感,我胸口有点闷，不过没有窒息感,negation_conflict,,trauma_or_fracture,respiratory_distress,,trauma_or_fracture,,route_trauma_or_fracture,prot_injury_fracture,prot_respiratory_distress,medium,,rewrite,胸口不适单独标trauma_or_fracture偏弱，建议改成明确受伤机制；rewrite_raw_input: 我胸口被撞得有点疼，不过没有窒息感,trauma_or_fracture,respiratory_distress,
neg_0063,我胸口不舒服，不过没有喘不上气,我胸口不舒服，不过没有喘不上气,negation_conflict,,trauma_or_fracture,respiratory_distress,,trauma_or_fracture,,route_trauma_or_fracture,prot_injury_fracture,prot_respiratory_distress,medium,,rewrite,胸口不适单独标trauma_or_fracture偏弱，建议改成明确受伤机制；rewrite_raw_input: 我胸口被撞得有点疼，不过没有喘不上气,trauma_or_fracture,respiratory_distress,
neg_0064,我胸口不舒服，不过没有呼吸困难,我胸口不舒服，不过没有呼吸困难,negation_conflict,,trauma_or_fracture,respiratory_distress,,trauma_or_fracture,,route_trauma_or_fracture,prot_injury_fracture,prot_respiratory_distress,medium,,rewrite,胸口不适单独标trauma_or_fracture偏弱，建议改成明确受伤机制；rewrite_raw_input: 我胸口被撞得有点疼，不过没有呼吸困难,trauma_or_fracture,respiratory_distress,
neg_0065,我胸口不舒服，不过没有窒息感,我胸口不舒服，不过没有窒息感,negation_conflict,,trauma_or_fracture,respiratory_distress,,trauma_or_fracture,,route_trauma_or_fracture,prot_injury_fracture,prot_respiratory_distress,medium,,rewrite,胸口不适单独标trauma_or_fracture偏弱，建议改成明确受伤机制；rewrite_raw_input: 我胸口被撞得有点疼，不过没有窒息感,trauma_or_fracture,respiratory_distress,
neg_0066,我被困住了，但还能正常呼吸,我被困住了，但还能正常呼吸,negation_conflict,,trapped_or_entrapment,respiratory_distress,,trapped_or_entrapment,,route_trapped_or_entrapment,prot_entrapment,prot_respiratory_distress,high,,yes,自然，可保留；含pending_source_confirmation标签，pilot可用，gold前需确认来源,trapped_or_entrapment,respiratory_distress,
neg_0067,我被困住了，但还能正常喘气,我被困住了，但还能正常喘气,negation_conflict,,trapped_or_entrapment,respiratory_distress,,trapped_or_entrapment,,route_trapped_or_entrapment,prot_entrapment,prot_respiratory_distress,high,,yes,自然，可保留；含pending_source_confirmation标签，pilot可用，gold前需确认来源,trapped_or_entrapment,respiratory_distress,
neg_0068,我被困住了，但还能正常说话,我被困住了，但还能正常说话,negation_conflict,,trapped_or_entrapment,respiratory_distress,,trapped_or_entrapment,,route_trapped_or_entrapment,prot_entrapment,prot_respiratory_distress,high,,yes,自然，可保留；含pending_source_confirmation标签，pilot可用，gold前需确认来源,trapped_or_entrapment,respiratory_distress,
neg_0069,我被卡住了，但还能正常呼吸,我被卡住了，但还能正常呼吸,negation_conflict,,trapped_or_entrapment,respiratory_distress,,trapped_or_entrapment,,route_trapped_or_entrapment,prot_entrapment,prot_respiratory_distress,high,,yes,自然，可保留；含pending_source_confirmation标签，pilot可用，gold前需确认来源,trapped_or_entrapment,respiratory_distress,
neg_0070,我被卡住了，但还能正常喘气,我被卡住了，但还能正常喘气,negation_conflict,,trapped_or_entrapment,respiratory_distress,,trapped_or_entrapment,,route_trapped_or_entrapment,prot_entrapment,prot_respiratory_distress,high,,yes,自然，可保留；含pending_source_confirmation标签，pilot可用，gold前需确认来源,trapped_or_entrapment,respiratory_distress,
neg_0071,我被卡住了，但还能正常说话,我被卡住了，但还能正常说话,negation_conflict,,trapped_or_entrapment,respiratory_distress,,trapped_or_entrapment,,route_trapped_or_entrapment,prot_entrapment,prot_respiratory_distress,high,,yes,自然，可保留；含pending_source_confirmation标签，pilot可用，gold前需确认来源,trapped_or_entrapment,respiratory_distress,
neg_0072,我被关在里面，但还能正常呼吸,我被关在里面，但还能正常呼吸,negation_conflict,,trapped_or_entrapment,respiratory_distress,,trapped_or_entrapment,,route_trapped_or_entrapment,prot_entrapment,prot_respiratory_distress,high,,yes,自然，可保留；含pending_source_confirmation标签，pilot可用，gold前需确认来源,trapped_or_entrapment,respiratory_distress,
neg_0073,我被关在里面，但还能正常喘气,我被关在里面，但还能正常喘气,negation_conflict,,trapped_or_entrapment,respiratory_distress,,trapped_or_entrapment,,route_trapped_or_entrapment,prot_entrapment,prot_respiratory_distress,high,,yes,自然，可保留；含pending_source_confirmation标签，pilot可用，gold前需确认来源,trapped_or_entrapment,respiratory_distress,
neg_0074,我被关在里面，但还能正常说话,我被关在里面，但还能正常说话,negation_conflict,,trapped_or_entrapment,respiratory_distress,,trapped_or_entrapment,,route_trapped_or_entrapment,prot_entrapment,prot_respiratory_distress,high,,yes,自然，可保留；含pending_source_confirmation标签，pilot可用，gold前需确认来源,trapped_or_entrapment,respiratory_distress,
neg_0075,我一直流血，没有喘不上气,我一直流血，没有喘不上气,negation_conflict,,severe_bleeding_or_shock,respiratory_distress,,severe_bleeding_or_shock,,route_bleeding_control,prot_bleeding_control,prot_respiratory_distress,high,,yes,自然，可保留,severe_bleeding_or_shock,respiratory_distress,
neg_0076,我一直流血，没有呼吸困难,我一直流血，没有呼吸困难,negation_conflict,,severe_bleeding_or_shock,respiratory_distress,,severe_bleeding_or_shock,,route_bleeding_control,prot_bleeding_control,prot_respiratory_distress,high,,yes,自然，可保留,severe_bleeding_or_shock,respiratory_distress,
neg_0077,我一直流血，没有缺氧,我一直流血，没有缺氧,negation_conflict,,severe_bleeding_or_shock,respiratory_distress,,severe_bleeding_or_shock,,route_bleeding_control,prot_bleeding_control,prot_respiratory_distress,high,,yes,自然，可保留,severe_bleeding_or_shock,respiratory_distress,
neg_0078,我伤口出血，没有喘不上气,我伤口出血，没有喘不上气,negation_conflict,,severe_bleeding_or_shock,respiratory_distress,,severe_bleeding_or_shock,,route_bleeding_control,prot_bleeding_control,prot_respiratory_distress,high,,yes,自然，可保留,severe_bleeding_or_shock,respiratory_distress,
neg_0079,我伤口出血，没有呼吸困难,我伤口出血，没有呼吸困难,negation_conflict,,severe_bleeding_or_shock,respiratory_distress,,severe_bleeding_or_shock,,route_bleeding_control,prot_bleeding_control,prot_respiratory_distress,high,,yes,自然，可保留,severe_bleeding_or_shock,respiratory_distress,
neg_0080,我伤口出血，没有缺氧,我伤口出血，没有缺氧,negation_conflict,,severe_bleeding_or_shock,respiratory_distress,,severe_bleeding_or_shock,,route_bleeding_control,prot_bleeding_control,prot_respiratory_distress,high,,yes,自然，可保留,severe_bleeding_or_shock,respiratory_distress,
neg_0081,我血止不住，没有喘不上气,我血止不住，没有喘不上气,negation_conflict,,severe_bleeding_or_shock,respiratory_distress,,severe_bleeding_or_shock,,route_bleeding_control,prot_bleeding_control,prot_respiratory_distress,high,,yes,自然，可保留,severe_bleeding_or_shock,respiratory_distress,
neg_0082,我血止不住，没有呼吸困难,我血止不住，没有呼吸困难,negation_conflict,,severe_bleeding_or_shock,respiratory_distress,,severe_bleeding_or_shock,,route_bleeding_control,prot_bleeding_control,prot_respiratory_distress,high,,yes,自然，可保留,severe_bleeding_or_shock,respiratory_distress,
neg_0083,我血止不住，没有缺氧,我血止不住，没有缺氧,negation_conflict,,severe_bleeding_or_shock,respiratory_distress,,severe_bleeding_or_shock,,route_bleeding_control,prot_bleeding_control,prot_respiratory_distress,high,,yes,自然，可保留,severe_bleeding_or_shock,respiratory_distress,
neg_0084,我冷得发抖，不是喘不上气,我冷得发抖，不是喘不上气,negation_conflict,,hypothermia,respiratory_distress,,hypothermia,,route_hypothermia,prot_hypothermia,prot_respiratory_distress,high,,yes,自然，可保留,hypothermia,respiratory_distress,
neg_0085,我冷得发抖，不是呼吸困难,我冷得发抖，不是呼吸困难,negation_conflict,,hypothermia,respiratory_distress,,hypothermia,,route_hypothermia,prot_hypothermia,prot_respiratory_distress,high,,yes,自然，可保留,hypothermia,respiratory_distress,
neg_0086,我冷得发抖，不是吸不上气,我冷得发抖，不是吸不上气,negation_conflict,,hypothermia,respiratory_distress,,hypothermia,,route_hypothermia,prot_hypothermia,prot_respiratory_distress,high,,yes,自然，可保留,hypothermia,respiratory_distress,
neg_0087,我浑身很冷，不是喘不上气,我浑身很冷，不是喘不上气,negation_conflict,,hypothermia,respiratory_distress,,hypothermia,,route_hypothermia,prot_hypothermia,prot_respiratory_distress,high,,yes,自然，可保留,hypothermia,respiratory_distress,
neg_0088,我浑身很冷，不是呼吸困难,我浑身很冷，不是呼吸困难,negation_conflict,,hypothermia,respiratory_distress,,hypothermia,,route_hypothermia,prot_hypothermia,prot_respiratory_distress,high,,yes,自然，可保留,hypothermia,respiratory_distress,
neg_0089,我浑身很冷，不是吸不上气,我浑身很冷，不是吸不上气,negation_conflict,,hypothermia,respiratory_distress,,hypothermia,,route_hypothermia,prot_hypothermia,prot_respiratory_distress,high,,yes,自然，可保留,hypothermia,respiratory_distress,
neg_0090,我衣服湿透了，不是喘不上气,我衣服湿透了，不是喘不上气,negation_conflict,,hypothermia,respiratory_distress,,hypothermia,,route_hypothermia,prot_hypothermia,prot_respiratory_distress,high,,yes,自然，可保留,hypothermia,respiratory_distress,
neg_0091,我衣服湿透了，不是呼吸困难,我衣服湿透了，不是呼吸困难,negation_conflict,,hypothermia,respiratory_distress,,hypothermia,,route_hypothermia,prot_hypothermia,prot_respiratory_distress,high,,yes,自然，可保留,hypothermia,respiratory_distress,
neg_0092,我衣服湿透了，不是吸不上气,我衣服湿透了，不是吸不上气,negation_conflict,,hypothermia,respiratory_distress,,hypothermia,,route_hypothermia,prot_hypothermia,prot_respiratory_distress,high,,yes,自然，可保留,hypothermia,respiratory_distress,
neg_0093,我腿疼，但没撞到头,我腿疼，但没撞到头,negation_conflict,,trauma_or_fracture,altered_consciousness_or_head_injury,,trauma_or_fracture,,route_trauma_or_fracture,prot_injury_fracture,prot_head_injury,medium,,yes,自然，可保留,trauma_or_fracture,altered_consciousness_or_head_injury,
neg_0094,我腿疼，但没头晕,我腿疼，但没头晕,negation_conflict,,trauma_or_fracture,altered_consciousness_or_head_injury,,trauma_or_fracture,,route_trauma_or_fracture,prot_injury_fracture,prot_head_injury,medium,,yes,自然，可保留,trauma_or_fracture,altered_consciousness_or_head_injury,
neg_0095,我腿疼，但意识很清楚,我腿疼，但意识很清楚,negation_conflict,,trauma_or_fracture,altered_consciousness_or_head_injury,,trauma_or_fracture,,route_trauma_or_fracture,prot_injury_fracture,prot_head_injury,medium,,yes,自然，可保留,trauma_or_fracture,altered_consciousness_or_head_injury,
neg_0096,我胳膊疼，但没撞到头,我胳膊疼，但没撞到头,negation_conflict,,trauma_or_fracture,altered_consciousness_or_head_injury,,trauma_or_fracture,,route_trauma_or_fracture,prot_injury_fracture,prot_head_injury,medium,,yes,自然，可保留,trauma_or_fracture,altered_consciousness_or_head_injury,
neg_0097,我胳膊疼，但没头晕,我胳膊疼，但没头晕,negation_conflict,,trauma_or_fracture,altered_consciousness_or_head_injury,,trauma_or_fracture,,route_trauma_or_fracture,prot_injury_fracture,prot_head_injury,medium,,yes,自然，可保留,trauma_or_fracture,altered_consciousness_or_head_injury,
neg_0098,我胳膊疼，但意识很清楚,我胳膊疼，但意识很清楚,negation_conflict,,trauma_or_fracture,altered_consciousness_or_head_injury,,trauma_or_fracture,,route_trauma_or_fracture,prot_injury_fracture,prot_head_injury,medium,,yes,自然，可保留,trauma_or_fracture,altered_consciousness_or_head_injury,
neg_0099,我脚疼，但没撞到头,我脚疼，但没撞到头,negation_conflict,,trauma_or_fracture,altered_consciousness_or_head_injury,,trauma_or_fracture,,route_trauma_or_fracture,prot_injury_fracture,prot_head_injury,medium,,yes,自然，可保留,trauma_or_fracture,altered_consciousness_or_head_injury,
neg_0100,我脚疼，但没头晕,我脚疼，但没头晕,negation_conflict,,trauma_or_fracture,altered_consciousness_or_head_injury,,trauma_or_fracture,,route_trauma_or_fracture,prot_injury_fracture,prot_head_injury,medium,,yes,自然，可保留,trauma_or_fracture,altered_consciousness_or_head_injury,
neg_0101,我脚疼，但意识很清楚,我脚疼，但意识很清楚,negation_conflict,,trauma_or_fracture,altered_consciousness_or_head_injury,,trauma_or_fracture,,route_trauma_or_fracture,prot_injury_fracture,prot_head_injury,medium,,yes,自然，可保留,trauma_or_fracture,altered_consciousness_or_head_injury,
neg_0102,我手腕疼，但没撞到头,我手腕疼，但没撞到头,negation_conflict,,trauma_or_fracture,altered_consciousness_or_head_injury,,trauma_or_fracture,,route_trauma_or_fracture,prot_injury_fracture,prot_head_injury,medium,,yes,自然，可保留,trauma_or_fracture,altered_consciousness_or_head_injury,
neg_0103,我手腕疼，但没头晕,我手腕疼，但没头晕,negation_conflict,,trauma_or_fracture,altered_consciousness_or_head_injury,,trauma_or_fracture,,route_trauma_or_fracture,prot_injury_fracture,prot_head_injury,medium,,yes,自然，可保留,trauma_or_fracture,altered_consciousness_or_head_injury,
neg_0104,我手腕疼，但意识很清楚,我手腕疼，但意识很清楚,negation_conflict,,trauma_or_fracture,altered_consciousness_or_head_injury,,trauma_or_fracture,,route_trauma_or_fracture,prot_injury_fracture,prot_head_injury,medium,,yes,自然，可保留,trauma_or_fracture,altered_consciousness_or_head_injury,
neg_0105,我手在流血，不过头没撞到,我手在流血，不过头没撞到,negation_conflict,,severe_bleeding_or_shock,altered_consciousness_or_head_injury,,severe_bleeding_or_shock,,route_bleeding_control,prot_bleeding_control,prot_head_injury,high,,yes,自然，可保留,severe_bleeding_or_shock,altered_consciousness_or_head_injury,
neg_0106,我手在流血，不过没有头晕,我手在流血，不过没有头晕,negation_conflict,,severe_bleeding_or_shock,altered_consciousness_or_head_injury,,severe_bleeding_or_shock,,route_bleeding_control,prot_bleeding_control,prot_head_injury,high,,yes,自然，可保留,severe_bleeding_or_shock,altered_consciousness_or_head_injury,
neg_0107,我手在流血，不过没有想吐,我手在流血，不过没有想吐,negation_conflict,,severe_bleeding_or_shock,altered_consciousness_or_head_injury,,severe_bleeding_or_shock,,route_bleeding_control,prot_bleeding_control,prot_head_injury,high,,yes,自然，可保留,severe_bleeding_or_shock,altered_consciousness_or_head_injury,
neg_0108,我腿上出血，不过头没撞到,我腿上出血，不过头没撞到,negation_conflict,,severe_bleeding_or_shock,altered_consciousness_or_head_injury,,severe_bleeding_or_shock,,route_bleeding_control,prot_bleeding_control,prot_head_injury,high,,yes,自然，可保留,severe_bleeding_or_shock,altered_consciousness_or_head_injury,
neg_0109,我腿上出血，不过没有头晕,我腿上出血，不过没有头晕,negation_conflict,,severe_bleeding_or_shock,altered_consciousness_or_head_injury,,severe_bleeding_or_shock,,route_bleeding_control,prot_bleeding_control,prot_head_injury,high,,yes,自然，可保留,severe_bleeding_or_shock,altered_consciousness_or_head_injury,
neg_0110,我腿上出血，不过没有想吐,我腿上出血，不过没有想吐,negation_conflict,,severe_bleeding_or_shock,altered_consciousness_or_head_injury,,severe_bleeding_or_shock,,route_bleeding_control,prot_bleeding_control,prot_head_injury,high,,yes,自然，可保留,severe_bleeding_or_shock,altered_consciousness_or_head_injury,
neg_0111,我伤口血止不住，不过头没撞到,我伤口血止不住，不过头没撞到,negation_conflict,,severe_bleeding_or_shock,altered_consciousness_or_head_injury,,severe_bleeding_or_shock,,route_bleeding_control,prot_bleeding_control,prot_head_injury,high,,yes,自然，可保留,severe_bleeding_or_shock,altered_consciousness_or_head_injury,
neg_0112,我伤口血止不住，不过没有头晕,我伤口血止不住，不过没有头晕,negation_conflict,,severe_bleeding_or_shock,altered_consciousness_or_head_injury,,severe_bleeding_or_shock,,route_bleeding_control,prot_bleeding_control,prot_head_injury,high,,yes,自然，可保留,severe_bleeding_or_shock,altered_consciousness_or_head_injury,
neg_0113,我伤口血止不住，不过没有想吐,我伤口血止不住，不过没有想吐,negation_conflict,,severe_bleeding_or_shock,altered_consciousness_or_head_injury,,severe_bleeding_or_shock,,route_bleeding_control,prot_bleeding_control,prot_head_injury,high,,yes,自然，可保留,severe_bleeding_or_shock,altered_consciousness_or_head_injury,
neg_0114,我现在很慌，但没撞头,我现在很慌，但没撞头,negation_conflict,,psychological_distress,altered_consciousness_or_head_injury,,psychological_distress,,route_psychological_support,prot_psychological_support,prot_head_injury,medium,,yes,自然，可保留,psychological_distress,altered_consciousness_or_head_injury,
neg_0115,我现在很慌，但不头晕,我现在很慌，但不头晕,negation_conflict,,psychological_distress,altered_consciousness_or_head_injury,,psychological_distress,,route_psychological_support,prot_psychological_support,prot_head_injury,medium,,yes,自然，可保留,psychological_distress,altered_consciousness_or_head_injury,
neg_0116,我现在很慌，但意识清楚,我现在很慌，但意识清楚,negation_conflict,,psychological_distress,altered_consciousness_or_head_injury,,psychological_distress,,route_psychological_support,prot_psychological_support,prot_head_injury,medium,,yes,自然，可保留,psychological_distress,altered_consciousness_or_head_injury,
neg_0117,我现在很害怕，但没撞头,我现在很害怕，但没撞头,negation_conflict,,psychological_distress,altered_consciousness_or_head_injury,,psychological_distress,,route_psychological_support,prot_psychological_support,prot_head_injury,medium,,yes,自然，可保留,psychological_distress,altered_consciousness_or_head_injury,
neg_0118,我现在很害怕，但不头晕,我现在很害怕，但不头晕,negation_conflict,,psychological_distress,altered_consciousness_or_head_injury,,psychological_distress,,route_psychological_support,prot_psychological_support,prot_head_injury,medium,,yes,自然，可保留,psychological_distress,altered_consciousness_or_head_injury,
neg_0119,我现在很害怕，但意识清楚,我现在很害怕，但意识清楚,negation_conflict,,psychological_distress,altered_consciousness_or_head_injury,,psychological_distress,,route_psychological_support,prot_psychological_support,prot_head_injury,medium,,yes,自然，可保留,psychological_distress,altered_consciousness_or_head_injury,
neg_0120,我现在很想哭，但没撞头,我现在很想哭，但没撞头,negation_conflict,,psychological_distress,altered_consciousness_or_head_injury,,psychological_distress,,route_psychological_support,prot_psychological_support,prot_head_injury,medium,,yes,自然，可保留,psychological_distress,altered_consciousness_or_head_injury,
neg_0121,我现在很想哭，但不头晕,我现在很想哭，但不头晕,negation_conflict,,psychological_distress,altered_consciousness_or_head_injury,,psychological_distress,,route_psychological_support,prot_psychological_support,prot_head_injury,medium,,yes,自然，可保留,psychological_distress,altered_consciousness_or_head_injury,
neg_0122,我现在很想哭，但意识清楚,我现在很想哭，但意识清楚,negation_conflict,,psychological_distress,altered_consciousness_or_head_injury,,psychological_distress,,route_psychological_support,prot_psychological_support,prot_head_injury,medium,,yes,自然，可保留,psychological_distress,altered_consciousness_or_head_injury,
neg_0123,我被困着，但头没事,我被困着，但头没事,negation_conflict,,trapped_or_entrapment,altered_consciousness_or_head_injury,,trapped_or_entrapment,,route_trapped_or_entrapment,prot_entrapment,prot_head_injury,high,,yes,自然，可保留；含pending_source_confirmation标签，pilot可用，gold前需确认来源,trapped_or_entrapment,altered_consciousness_or_head_injury,
neg_0124,我被困着，但没头晕,我被困着，但没头晕,negation_conflict,,trapped_or_entrapment,altered_consciousness_or_head_injury,,trapped_or_entrapment,,route_trapped_or_entrapment,prot_entrapment,prot_head_injury,high,,yes,自然，可保留；含pending_source_confirmation标签，pilot可用，gold前需确认来源,trapped_or_entrapment,altered_consciousness_or_head_injury,
neg_0125,我被困着，但没有昏过去,我被困着，但没有昏过去,negation_conflict,,trapped_or_entrapment,altered_consciousness_or_head_injury,,trapped_or_entrapment,,route_trapped_or_entrapment,prot_entrapment,prot_head_injury,high,,yes,自然，可保留；含pending_source_confirmation标签，pilot可用，gold前需确认来源,trapped_or_entrapment,altered_consciousness_or_head_injury,
neg_0126,我腿被压住了，但头没撞到,我腿被压住了，但头没撞到,negation_conflict,,crush_injury,altered_consciousness_or_head_injury,,crush_injury,,route_crush_injury,prot_crush_injury,prot_head_injury,high,,yes,自然，可保留；含pending_source_confirmation标签，pilot可用，gold前需确认来源,crush_injury,altered_consciousness_or_head_injury,
neg_0127,我腿被压住了，但意识清楚,我腿被压住了，但意识清楚,negation_conflict,,crush_injury,altered_consciousness_or_head_injury,,crush_injury,,route_crush_injury,prot_crush_injury,prot_head_injury,high,,yes,自然，可保留；含pending_source_confirmation标签，pilot可用，gold前需确认来源,crush_injury,altered_consciousness_or_head_injury,
neg_0128,我腿被压住了，但没有头晕,我腿被压住了，但没有头晕,negation_conflict,,crush_injury,altered_consciousness_or_head_injury,,crush_injury,,route_crush_injury,prot_crush_injury,prot_head_injury,high,,yes,自然，可保留；含pending_source_confirmation标签，pilot可用，gold前需确认来源,crush_injury,altered_consciousness_or_head_injury,
neg_0129,我手被重物压着，但头没撞到,我手被重物压着，但头没撞到,negation_conflict,,crush_injury,altered_consciousness_or_head_injury,,crush_injury,,route_crush_injury,prot_crush_injury,prot_head_injury,high,,yes,自然，可保留；含pending_source_confirmation标签，pilot可用，gold前需确认来源,crush_injury,altered_consciousness_or_head_injury,
neg_0130,我手被重物压着，但意识清楚,我手被重物压着，但意识清楚,negation_conflict,,crush_injury,altered_consciousness_or_head_injury,,crush_injury,,route_crush_injury,prot_crush_injury,prot_head_injury,high,,yes,自然，可保留；含pending_source_confirmation标签，pilot可用，gold前需确认来源,crush_injury,altered_consciousness_or_head_injury,
neg_0131,我手被重物压着，但没有头晕,我手被重物压着，但没有头晕,negation_conflict,,crush_injury,altered_consciousness_or_head_injury,,crush_injury,,route_crush_injury,prot_crush_injury,prot_head_injury,high,,yes,自然，可保留；含pending_source_confirmation标签，pilot可用，gold前需确认来源,crush_injury,altered_consciousness_or_head_injury,
neg_0132,我胳膊被卡住了，但头没撞到,我胳膊被卡住了，但头没撞到,negation_conflict,,crush_injury,altered_consciousness_or_head_injury,,crush_injury,,route_crush_injury,prot_crush_injury,prot_head_injury,high,,yes,自然，可保留；含pending_source_confirmation标签，pilot可用，gold前需确认来源,crush_injury,altered_consciousness_or_head_injury,
neg_0133,我胳膊被卡住了，但意识清楚,我胳膊被卡住了，但意识清楚,negation_conflict,,crush_injury,altered_consciousness_or_head_injury,,crush_injury,,route_crush_injury,prot_crush_injury,prot_head_injury,high,,yes,自然，可保留；含pending_source_confirmation标签，pilot可用，gold前需确认来源,crush_injury,altered_consciousness_or_head_injury,
neg_0134,我胳膊被卡住了，但没有头晕,我胳膊被卡住了，但没有头晕,negation_conflict,,crush_injury,altered_consciousness_or_head_injury,,crush_injury,,route_crush_injury,prot_crush_injury,prot_head_injury,high,,yes,自然，可保留；含pending_source_confirmation标签，pilot可用，gold前需确认来源,crush_injury,altered_consciousness_or_head_injury,
neg_0135,我腿疼，但不冷,我腿疼，但不冷,negation_conflict,,trauma_or_fracture,hypothermia,,trauma_or_fracture,,route_trauma_or_fracture,prot_injury_fracture,prot_hypothermia,medium,,yes,自然，可保留,trauma_or_fracture,hypothermia,
neg_0136,我腿疼，但没有发抖,我腿疼，但没有发抖,negation_conflict,,trauma_or_fracture,hypothermia,,trauma_or_fracture,,route_trauma_or_fracture,prot_injury_fracture,prot_hypothermia,medium,,yes,自然，可保留,trauma_or_fracture,hypothermia,
neg_0137,我腿疼，但没有冻僵,我腿疼，但没有冻僵,negation_conflict,,trauma_or_fracture,hypothermia,,trauma_or_fracture,,route_trauma_or_fracture,prot_injury_fracture,prot_hypothermia,medium,,yes,自然，可保留,trauma_or_fracture,hypothermia,
neg_0138,我胳膊疼，但不冷,我胳膊疼，但不冷,negation_conflict,,trauma_or_fracture,hypothermia,,trauma_or_fracture,,route_trauma_or_fracture,prot_injury_fracture,prot_hypothermia,medium,,yes,自然，可保留,trauma_or_fracture,hypothermia,
neg_0139,我胳膊疼，但没有发抖,我胳膊疼，但没有发抖,negation_conflict,,trauma_or_fracture,hypothermia,,trauma_or_fracture,,route_trauma_or_fracture,prot_injury_fracture,prot_hypothermia,medium,,yes,自然，可保留,trauma_or_fracture,hypothermia,
neg_0140,我胳膊疼，但没有冻僵,我胳膊疼，但没有冻僵,negation_conflict,,trauma_or_fracture,hypothermia,,trauma_or_fracture,,route_trauma_or_fracture,prot_injury_fracture,prot_hypothermia,medium,,yes,自然，可保留,trauma_or_fracture,hypothermia,
neg_0141,我手疼，但不冷,我手疼，但不冷,negation_conflict,,trauma_or_fracture,hypothermia,,trauma_or_fracture,,route_trauma_or_fracture,prot_injury_fracture,prot_hypothermia,medium,,yes,自然，可保留,trauma_or_fracture,hypothermia,
neg_0142,我手疼，但没有发抖,我手疼，但没有发抖,negation_conflict,,trauma_or_fracture,hypothermia,,trauma_or_fracture,,route_trauma_or_fracture,prot_injury_fracture,prot_hypothermia,medium,,yes,自然，可保留,trauma_or_fracture,hypothermia,
neg_0143,我手疼，但没有冻僵,我手疼，但没有冻僵,negation_conflict,,trauma_or_fracture,hypothermia,,trauma_or_fracture,,route_trauma_or_fracture,prot_injury_fracture,prot_hypothermia,medium,,yes,自然，可保留,trauma_or_fracture,hypothermia,
neg_0144,我脚疼，但不冷,我脚疼，但不冷,negation_conflict,,trauma_or_fracture,hypothermia,,trauma_or_fracture,,route_trauma_or_fracture,prot_injury_fracture,prot_hypothermia,medium,,yes,自然，可保留,trauma_or_fracture,hypothermia,
neg_0145,我脚疼，但没有发抖,我脚疼，但没有发抖,negation_conflict,,trauma_or_fracture,hypothermia,,trauma_or_fracture,,route_trauma_or_fracture,prot_injury_fracture,prot_hypothermia,medium,,yes,自然，可保留,trauma_or_fracture,hypothermia,
neg_0146,我脚疼，但没有冻僵,我脚疼，但没有冻僵,negation_conflict,,trauma_or_fracture,hypothermia,,trauma_or_fracture,,route_trauma_or_fracture,prot_injury_fracture,prot_hypothermia,medium,,yes,自然，可保留,trauma_or_fracture,hypothermia,
neg_0147,我一直流血，没有发冷,我一直流血，没有发冷,negation_conflict,,severe_bleeding_or_shock,hypothermia,,severe_bleeding_or_shock,,route_bleeding_control,prot_bleeding_control,prot_hypothermia,high,,yes,自然，可保留,severe_bleeding_or_shock,hypothermia,
neg_0148,我一直流血，没有失温,我一直流血，没有失温,negation_conflict,,severe_bleeding_or_shock,hypothermia,,severe_bleeding_or_shock,,route_bleeding_control,prot_bleeding_control,prot_hypothermia,high,,yes,自然，可保留,severe_bleeding_or_shock,hypothermia,
neg_0149,我一直流血，没有冷得发抖,我一直流血，没有冷得发抖,negation_conflict,,severe_bleeding_or_shock,hypothermia,,severe_bleeding_or_shock,,route_bleeding_control,prot_bleeding_control,prot_hypothermia,high,,yes,自然，可保留,severe_bleeding_or_shock,hypothermia,
neg_0150,我伤口出血，没有发冷,我伤口出血，没有发冷,negation_conflict,,severe_bleeding_or_shock,hypothermia,,severe_bleeding_or_shock,,route_bleeding_control,prot_bleeding_control,prot_hypothermia,high,,yes,自然，可保留,severe_bleeding_or_shock,hypothermia,
neg_0151,我伤口出血，没有失温,我伤口出血，没有失温,negation_conflict,,severe_bleeding_or_shock,hypothermia,,severe_bleeding_or_shock,,route_bleeding_control,prot_bleeding_control,prot_hypothermia,high,,yes,自然，可保留,severe_bleeding_or_shock,hypothermia,
neg_0152,我伤口出血，没有冷得发抖,我伤口出血，没有冷得发抖,negation_conflict,,severe_bleeding_or_shock,hypothermia,,severe_bleeding_or_shock,,route_bleeding_control,prot_bleeding_control,prot_hypothermia,high,,yes,自然，可保留,severe_bleeding_or_shock,hypothermia,
neg_0153,我血止不住，没有发冷,我血止不住，没有发冷,negation_conflict,,severe_bleeding_or_shock,hypothermia,,severe_bleeding_or_shock,,route_bleeding_control,prot_bleeding_control,prot_hypothermia,high,,yes,自然，可保留,severe_bleeding_or_shock,hypothermia,
neg_0154,我血止不住，没有失温,我血止不住，没有失温,negation_conflict,,severe_bleeding_or_shock,hypothermia,,severe_bleeding_or_shock,,route_bleeding_control,prot_bleeding_control,prot_hypothermia,high,,yes,自然，可保留,severe_bleeding_or_shock,hypothermia,
neg_0155,我血止不住，没有冷得发抖,我血止不住，没有冷得发抖,negation_conflict,,severe_bleeding_or_shock,hypothermia,,severe_bleeding_or_shock,,route_bleeding_control,prot_bleeding_control,prot_hypothermia,high,,yes,自然，可保留,severe_bleeding_or_shock,hypothermia,
neg_0156,我被困住了，但现在不冷,我被困住了，但现在不冷,negation_conflict,,trapped_or_entrapment,hypothermia,,trapped_or_entrapment,,route_trapped_or_entrapment,prot_entrapment,prot_hypothermia,high,,yes,自然，可保留；含pending_source_confirmation标签，pilot可用，gold前需确认来源,trapped_or_entrapment,hypothermia,
neg_0157,我卡在里面，但现在不冷,我卡在里面，但现在不冷,negation_conflict,,trapped_or_entrapment,hypothermia,,trapped_or_entrapment,,route_trapped_or_entrapment,prot_entrapment,prot_hypothermia,high,,yes,自然，可保留；含pending_source_confirmation标签，pilot可用，gold前需确认来源,trapped_or_entrapment,hypothermia,
neg_0158,我出不去，但现在不冷,我出不去，但现在不冷,negation_conflict,,trapped_or_entrapment,hypothermia,,trapped_or_entrapment,,route_trapped_or_entrapment,prot_entrapment,prot_hypothermia,high,,yes,自然，可保留；含pending_source_confirmation标签，pilot可用，gold前需确认来源,trapped_or_entrapment,hypothermia,
neg_0159,我很慌，不是冷得发抖,我很慌，不是冷得发抖,negation_conflict,,psychological_distress,hypothermia,,psychological_distress,,route_psychological_support,prot_psychological_support,prot_hypothermia,medium,,yes,自然，可保留,psychological_distress,hypothermia,
neg_0160,我很害怕，不是冷得发抖,我很害怕，不是冷得发抖,negation_conflict,,psychological_distress,hypothermia,,psychological_distress,,route_psychological_support,prot_psychological_support,prot_hypothermia,medium,,yes,自然，可保留,psychological_distress,hypothermia,
neg_0161,我很紧张，不是冷得发抖,我很紧张，不是冷得发抖,negation_conflict,,psychological_distress,hypothermia,,psychological_distress,,route_psychological_support,prot_psychological_support,prot_hypothermia,medium,,yes,自然，可保留,psychological_distress,hypothermia,
neg_0162,我很渴，但没有发冷,我很渴，但没有发冷,negation_conflict,,dehydration_or_resource_deprivation,hypothermia,,dehydration_or_resource_deprivation,,route_dehydration_or_resource_deprivation,prot_resource_deprivation,prot_hypothermia,medium,,yes,自然，可保留；含pending_source_confirmation标签，pilot可用，gold前需确认来源,dehydration_or_resource_deprivation,hypothermia,
neg_0163,我很渴，但没有失温,我很渴，但没有失温,negation_conflict,,dehydration_or_resource_deprivation,hypothermia,,dehydration_or_resource_deprivation,,route_dehydration_or_resource_deprivation,prot_resource_deprivation,prot_hypothermia,medium,,yes,自然，可保留；含pending_source_confirmation标签，pilot可用，gold前需确认来源,dehydration_or_resource_deprivation,hypothermia,
neg_0164,我很渴，但没有冻僵,我很渴，但没有冻僵,negation_conflict,,dehydration_or_resource_deprivation,hypothermia,,dehydration_or_resource_deprivation,,route_dehydration_or_resource_deprivation,prot_resource_deprivation,prot_hypothermia,medium,,yes,自然，可保留；含pending_source_confirmation标签，pilot可用，gold前需确认来源,dehydration_or_resource_deprivation,hypothermia,
neg_0165,我没水，但没有发冷,我没水，但没有发冷,negation_conflict,,dehydration_or_resource_deprivation,hypothermia,,dehydration_or_resource_deprivation,,route_dehydration_or_resource_deprivation,prot_resource_deprivation,prot_hypothermia,medium,,yes,自然，可保留；含pending_source_confirmation标签，pilot可用，gold前需确认来源,dehydration_or_resource_deprivation,hypothermia,
neg_0166,我没水，但没有失温,我没水，但没有失温,negation_conflict,,dehydration_or_resource_deprivation,hypothermia,,dehydration_or_resource_deprivation,,route_dehydration_or_resource_deprivation,prot_resource_deprivation,prot_hypothermia,medium,,yes,自然，可保留；含pending_source_confirmation标签，pilot可用，gold前需确认来源,dehydration_or_resource_deprivation,hypothermia,
neg_0167,我没水，但没有冻僵,我没水，但没有冻僵,negation_conflict,,dehydration_or_resource_deprivation,hypothermia,,dehydration_or_resource_deprivation,,route_dehydration_or_resource_deprivation,prot_resource_deprivation,prot_hypothermia,medium,,yes,自然，可保留；含pending_source_confirmation标签，pilot可用，gold前需确认来源,dehydration_or_resource_deprivation,hypothermia,
neg_0168,我没吃的，但没有发冷,我没吃的，但没有发冷,negation_conflict,,dehydration_or_resource_deprivation,hypothermia,,dehydration_or_resource_deprivation,,route_dehydration_or_resource_deprivation,prot_resource_deprivation,prot_hypothermia,medium,,yes,自然，可保留；含pending_source_confirmation标签，pilot可用，gold前需确认来源,dehydration_or_resource_deprivation,hypothermia,
neg_0169,我没吃的，但没有失温,我没吃的，但没有失温,negation_conflict,,dehydration_or_resource_deprivation,hypothermia,,dehydration_or_resource_deprivation,,route_dehydration_or_resource_deprivation,prot_resource_deprivation,prot_hypothermia,medium,,yes,自然，可保留；含pending_source_confirmation标签，pilot可用，gold前需确认来源,dehydration_or_resource_deprivation,hypothermia,
neg_0170,我没吃的，但没有冻僵,我没吃的，但没有冻僵,negation_conflict,,dehydration_or_resource_deprivation,hypothermia,,dehydration_or_resource_deprivation,,route_dehydration_or_resource_deprivation,prot_resource_deprivation,prot_hypothermia,medium,,yes,自然，可保留；含pending_source_confirmation标签，pilot可用，gold前需确认来源,dehydration_or_resource_deprivation,hypothermia,
neg_0171,我被困住了，但还有水,我被困住了，但还有水,negation_conflict,,trapped_or_entrapment,dehydration_or_resource_deprivation,,trapped_or_entrapment,,route_trapped_or_entrapment,prot_entrapment,prot_resource_deprivation,high,,yes,自然，可保留；含pending_source_confirmation标签，pilot可用，gold前需确认来源,trapped_or_entrapment,dehydration_or_resource_deprivation,
neg_0172,我被困住了，但不渴,我被困住了，但不渴,negation_conflict,,trapped_or_entrapment,dehydration_or_resource_deprivation,,trapped_or_entrapment,,route_trapped_or_entrapment,prot_entrapment,prot_resource_deprivation,high,,yes,自然，可保留；含pending_source_confirmation标签，pilot可用，gold前需确认来源,trapped_or_entrapment,dehydration_or_resource_deprivation,
neg_0173,我被困住了，但有吃的,我被困住了，但有吃的,negation_conflict,,trapped_or_entrapment,dehydration_or_resource_deprivation,,trapped_or_entrapment,,route_trapped_or_entrapment,prot_entrapment,prot_resource_deprivation,high,,yes,自然，可保留；含pending_source_confirmation标签，pilot可用，gold前需确认来源,trapped_or_entrapment,dehydration_or_resource_deprivation,
neg_0174,我出不去，但还有水,我出不去，但还有水,negation_conflict,,trapped_or_entrapment,dehydration_or_resource_deprivation,,trapped_or_entrapment,,route_trapped_or_entrapment,prot_entrapment,prot_resource_deprivation,high,,yes,自然，可保留；含pending_source_confirmation标签，pilot可用，gold前需确认来源,trapped_or_entrapment,dehydration_or_resource_deprivation,
neg_0175,我出不去，但不渴,我出不去，但不渴,negation_conflict,,trapped_or_entrapment,dehydration_or_resource_deprivation,,trapped_or_entrapment,,route_trapped_or_entrapment,prot_entrapment,prot_resource_deprivation,high,,yes,自然，可保留；含pending_source_confirmation标签，pilot可用，gold前需确认来源,trapped_or_entrapment,dehydration_or_resource_deprivation,
neg_0176,我出不去，但有吃的,我出不去，但有吃的,negation_conflict,,trapped_or_entrapment,dehydration_or_resource_deprivation,,trapped_or_entrapment,,route_trapped_or_entrapment,prot_entrapment,prot_resource_deprivation,high,,yes,自然，可保留；含pending_source_confirmation标签，pilot可用，gold前需确认来源,trapped_or_entrapment,dehydration_or_resource_deprivation,
neg_0177,我卡住了，但还有水,我卡住了，但还有水,negation_conflict,,trapped_or_entrapment,dehydration_or_resource_deprivation,,trapped_or_entrapment,,route_trapped_or_entrapment,prot_entrapment,prot_resource_deprivation,high,,yes,自然，可保留；含pending_source_confirmation标签，pilot可用，gold前需确认来源,trapped_or_entrapment,dehydration_or_resource_deprivation,
neg_0178,我卡住了，但不渴,我卡住了，但不渴,negation_conflict,,trapped_or_entrapment,dehydration_or_resource_deprivation,,trapped_or_entrapment,,route_trapped_or_entrapment,prot_entrapment,prot_resource_deprivation,high,,yes,自然，可保留；含pending_source_confirmation标签，pilot可用，gold前需确认来源,trapped_or_entrapment,dehydration_or_resource_deprivation,
neg_0179,我卡住了，但有吃的,我卡住了，但有吃的,negation_conflict,,trapped_or_entrapment,dehydration_or_resource_deprivation,,trapped_or_entrapment,,route_trapped_or_entrapment,prot_entrapment,prot_resource_deprivation,high,,yes,自然，可保留；含pending_source_confirmation标签，pilot可用，gold前需确认来源,trapped_or_entrapment,dehydration_or_resource_deprivation,
neg_0180,我不渴也有水，但是手机快没电了,我不渴也有水，但是手机快没电了,negation_conflict,,,dehydration_or_resource_deprivation,low_battery,low_battery,,,,prot_resource_deprivation,low,,yes,自然，可保留；含pending_source_confirmation标签，pilot可用，gold前需确认来源,low_battery,dehydration_or_resource_deprivation,
neg_0181,我不渴也有水，但是手机电量很低,我不渴也有水，但是手机电量很低,negation_conflict,,,dehydration_or_resource_deprivation,low_battery,low_battery,,,,prot_resource_deprivation,low,,yes,自然，可保留；含pending_source_confirmation标签，pilot可用，gold前需确认来源,low_battery,dehydration_or_resource_deprivation,
neg_0182,我不渴也有水，但是手机快关机了,我不渴也有水，但是手机快关机了,negation_conflict,,,dehydration_or_resource_deprivation,low_battery,low_battery,,,,prot_resource_deprivation,low,,yes,自然，可保留；含pending_source_confirmation标签，pilot可用，gold前需确认来源,low_battery,dehydration_or_resource_deprivation,
neg_0183,我有水有吃的，但是手机快没电了,我有水有吃的，但是手机快没电了,negation_conflict,,,dehydration_or_resource_deprivation,low_battery,low_battery,,,,prot_resource_deprivation,low,,yes,自然，可保留；含pending_source_confirmation标签，pilot可用，gold前需确认来源,low_battery,dehydration_or_resource_deprivation,
neg_0184,我有水有吃的，但是手机电量很低,我有水有吃的，但是手机电量很低,negation_conflict,,,dehydration_or_resource_deprivation,low_battery,low_battery,,,,prot_resource_deprivation,low,,yes,自然，可保留；含pending_source_confirmation标签，pilot可用，gold前需确认来源,low_battery,dehydration_or_resource_deprivation,
neg_0185,我有水有吃的，但是手机快关机了,我有水有吃的，但是手机快关机了,negation_conflict,,,dehydration_or_resource_deprivation,low_battery,low_battery,,,,prot_resource_deprivation,low,,yes,自然，可保留；含pending_source_confirmation标签，pilot可用，gold前需确认来源,low_battery,dehydration_or_resource_deprivation,
neg_0186,我还没缺水，但是手机快没电了,我还没缺水，但是手机快没电了,negation_conflict,,,dehydration_or_resource_deprivation,low_battery,low_battery,,,,prot_resource_deprivation,low,,yes,自然，可保留；含pending_source_confirmation标签，pilot可用，gold前需确认来源,low_battery,dehydration_or_resource_deprivation,
neg_0187,我还没缺水，但是手机电量很低,我还没缺水，但是手机电量很低,negation_conflict,,,dehydration_or_resource_deprivation,low_battery,low_battery,,,,prot_resource_deprivation,low,,yes,自然，可保留；含pending_source_confirmation标签，pilot可用，gold前需确认来源,low_battery,dehydration_or_resource_deprivation,
neg_0188,我还没缺水，但是手机快关机了,我还没缺水，但是手机快关机了,negation_conflict,,,dehydration_or_resource_deprivation,low_battery,low_battery,,,,prot_resource_deprivation,low,,yes,自然，可保留；含pending_source_confirmation标签，pilot可用，gold前需确认来源,low_battery,dehydration_or_resource_deprivation,
neg_0189,我腿疼，不是缺水,我腿疼，不是缺水,negation_conflict,,trauma_or_fracture,dehydration_or_resource_deprivation,,trauma_or_fracture,,route_trauma_or_fracture,prot_injury_fracture,prot_resource_deprivation,medium,,yes,自然，可保留；含pending_source_confirmation标签，pilot可用，gold前需确认来源,trauma_or_fracture,dehydration_or_resource_deprivation,
neg_0190,我腿疼，不是很渴,我腿疼，不是很渴,negation_conflict,,trauma_or_fracture,dehydration_or_resource_deprivation,,trauma_or_fracture,,route_trauma_or_fracture,prot_injury_fracture,prot_resource_deprivation,medium,,yes,自然，可保留；含pending_source_confirmation标签，pilot可用，gold前需确认来源,trauma_or_fracture,dehydration_or_resource_deprivation,
neg_0191,我腿疼，不是没吃的,我腿疼，不是没吃的,negation_conflict,,trauma_or_fracture,dehydration_or_resource_deprivation,,trauma_or_fracture,,route_trauma_or_fracture,prot_injury_fracture,prot_resource_deprivation,medium,,yes,自然，可保留；含pending_source_confirmation标签，pilot可用，gold前需确认来源,trauma_or_fracture,dehydration_or_resource_deprivation,
neg_0192,我胳膊疼，不是缺水,我胳膊疼，不是缺水,negation_conflict,,trauma_or_fracture,dehydration_or_resource_deprivation,,trauma_or_fracture,,route_trauma_or_fracture,prot_injury_fracture,prot_resource_deprivation,medium,,yes,自然，可保留；含pending_source_confirmation标签，pilot可用，gold前需确认来源,trauma_or_fracture,dehydration_or_resource_deprivation,
neg_0193,我胳膊疼，不是很渴,我胳膊疼，不是很渴,negation_conflict,,trauma_or_fracture,dehydration_or_resource_deprivation,,trauma_or_fracture,,route_trauma_or_fracture,prot_injury_fracture,prot_resource_deprivation,medium,,yes,自然，可保留；含pending_source_confirmation标签，pilot可用，gold前需确认来源,trauma_or_fracture,dehydration_or_resource_deprivation,
neg_0194,我胳膊疼，不是没吃的,我胳膊疼，不是没吃的,negation_conflict,,trauma_or_fracture,dehydration_or_resource_deprivation,,trauma_or_fracture,,route_trauma_or_fracture,prot_injury_fracture,prot_resource_deprivation,medium,,yes,自然，可保留；含pending_source_confirmation标签，pilot可用，gold前需确认来源,trauma_or_fracture,dehydration_or_resource_deprivation,
neg_0195,我手腕疼，不是缺水,我手腕疼，不是缺水,negation_conflict,,trauma_or_fracture,dehydration_or_resource_deprivation,,trauma_or_fracture,,route_trauma_or_fracture,prot_injury_fracture,prot_resource_deprivation,medium,,yes,自然，可保留；含pending_source_confirmation标签，pilot可用，gold前需确认来源,trauma_or_fracture,dehydration_or_resource_deprivation,
neg_0196,我手腕疼，不是很渴,我手腕疼，不是很渴,negation_conflict,,trauma_or_fracture,dehydration_or_resource_deprivation,,trauma_or_fracture,,route_trauma_or_fracture,prot_injury_fracture,prot_resource_deprivation,medium,,yes,自然，可保留；含pending_source_confirmation标签，pilot可用，gold前需确认来源,trauma_or_fracture,dehydration_or_resource_deprivation,
neg_0197,我手腕疼，不是没吃的,我手腕疼，不是没吃的,negation_conflict,,trauma_or_fracture,dehydration_or_resource_deprivation,,trauma_or_fracture,,route_trauma_or_fracture,prot_injury_fracture,prot_resource_deprivation,medium,,yes,自然，可保留；含pending_source_confirmation标签，pilot可用，gold前需确认来源,trauma_or_fracture,dehydration_or_resource_deprivation,
neg_0198,我脚踝疼，不是缺水,我脚踝疼，不是缺水,negation_conflict,,trauma_or_fracture,dehydration_or_resource_deprivation,,trauma_or_fracture,,route_trauma_or_fracture,prot_injury_fracture,prot_resource_deprivation,medium,,yes,自然，可保留；含pending_source_confirmation标签，pilot可用，gold前需确认来源,trauma_or_fracture,dehydration_or_resource_deprivation,
neg_0199,我脚踝疼，不是很渴,我脚踝疼，不是很渴,negation_conflict,,trauma_or_fracture,dehydration_or_resource_deprivation,,trauma_or_fracture,,route_trauma_or_fracture,prot_injury_fracture,prot_resource_deprivation,medium,,yes,自然，可保留；含pending_source_confirmation标签，pilot可用，gold前需确认来源,trauma_or_fracture,dehydration_or_resource_deprivation,
neg_0200,我脚踝疼，不是没吃的,我脚踝疼，不是没吃的,negation_conflict,,trauma_or_fracture,dehydration_or_resource_deprivation,,trauma_or_fracture,,route_trauma_or_fracture,prot_injury_fracture,prot_resource_deprivation,medium,,yes,自然，可保留；含pending_source_confirmation标签，pilot可用，gold前需确认来源,trauma_or_fracture,dehydration_or_resource_deprivation,
neg_0201,我冷得发抖，但不是很渴,我冷得发抖，但不是很渴,negation_conflict,,hypothermia,dehydration_or_resource_deprivation,,hypothermia,,route_hypothermia,prot_hypothermia,prot_resource_deprivation,high,,yes,自然，可保留；含pending_source_confirmation标签，pilot可用，gold前需确认来源,hypothermia,dehydration_or_resource_deprivation,
neg_0202,我冷得发抖，但不是缺水,我冷得发抖，但不是缺水,negation_conflict,,hypothermia,dehydration_or_resource_deprivation,,hypothermia,,route_hypothermia,prot_hypothermia,prot_resource_deprivation,high,,yes,自然，可保留；含pending_source_confirmation标签，pilot可用，gold前需确认来源,hypothermia,dehydration_or_resource_deprivation,
neg_0203,我冷得发抖，但不是没水,我冷得发抖，但不是没水,negation_conflict,,hypothermia,dehydration_or_resource_deprivation,,hypothermia,,route_hypothermia,prot_hypothermia,prot_resource_deprivation,high,,yes,自然，可保留；含pending_source_confirmation标签，pilot可用，gold前需确认来源,hypothermia,dehydration_or_resource_deprivation,
neg_0204,我浑身很冷，但不是很渴,我浑身很冷，但不是很渴,negation_conflict,,hypothermia,dehydration_or_resource_deprivation,,hypothermia,,route_hypothermia,prot_hypothermia,prot_resource_deprivation,high,,yes,自然，可保留；含pending_source_confirmation标签，pilot可用，gold前需确认来源,hypothermia,dehydration_or_resource_deprivation,
neg_0205,我浑身很冷，但不是缺水,我浑身很冷，但不是缺水,negation_conflict,,hypothermia,dehydration_or_resource_deprivation,,hypothermia,,route_hypothermia,prot_hypothermia,prot_resource_deprivation,high,,yes,自然，可保留；含pending_source_confirmation标签，pilot可用，gold前需确认来源,hypothermia,dehydration_or_resource_deprivation,
neg_0206,我浑身很冷，但不是没水,我浑身很冷，但不是没水,negation_conflict,,hypothermia,dehydration_or_resource_deprivation,,hypothermia,,route_hypothermia,prot_hypothermia,prot_resource_deprivation,high,,yes,自然，可保留；含pending_source_confirmation标签，pilot可用，gold前需确认来源,hypothermia,dehydration_or_resource_deprivation,
neg_0207,我衣服湿透了，但不是很渴,我衣服湿透了，但不是很渴,negation_conflict,,hypothermia,dehydration_or_resource_deprivation,,hypothermia,,route_hypothermia,prot_hypothermia,prot_resource_deprivation,high,,yes,自然，可保留；含pending_source_confirmation标签，pilot可用，gold前需确认来源,hypothermia,dehydration_or_resource_deprivation,
neg_0208,我衣服湿透了，但不是缺水,我衣服湿透了，但不是缺水,negation_conflict,,hypothermia,dehydration_or_resource_deprivation,,hypothermia,,route_hypothermia,prot_hypothermia,prot_resource_deprivation,high,,yes,自然，可保留；含pending_source_confirmation标签，pilot可用，gold前需确认来源,hypothermia,dehydration_or_resource_deprivation,
neg_0209,我衣服湿透了，但不是没水,我衣服湿透了，但不是没水,negation_conflict,,hypothermia,dehydration_or_resource_deprivation,,hypothermia,,route_hypothermia,prot_hypothermia,prot_resource_deprivation,high,,yes,自然，可保留；含pending_source_confirmation标签，pilot可用，gold前需确认来源,hypothermia,dehydration_or_resource_deprivation,
neg_0210,我只是害怕，不是没水没吃的,我只是害怕，不是没水没吃的,negation_conflict,,psychological_distress,dehydration_or_resource_deprivation,,psychological_distress,,route_psychological_support,prot_psychological_support,prot_resource_deprivation,medium,,yes,自然，可保留；含pending_source_confirmation标签，pilot可用，gold前需确认来源,psychological_distress,dehydration_or_resource_deprivation,
neg_0211,我只是慌，不是没水没吃的,我只是慌，不是没水没吃的,negation_conflict,,psychological_distress,dehydration_or_resource_deprivation,,psychological_distress,,route_psychological_support,prot_psychological_support,prot_resource_deprivation,medium,,yes,自然，可保留；含pending_source_confirmation标签，pilot可用，gold前需确认来源,psychological_distress,dehydration_or_resource_deprivation,
neg_0212,我只是紧张，不是没水没吃的,我只是紧张，不是没水没吃的,negation_conflict,,psychological_distress,dehydration_or_resource_deprivation,,psychological_distress,,route_psychological_support,prot_psychological_support,prot_resource_deprivation,medium,,yes,自然，可保留；含pending_source_confirmation标签，pilot可用，gold前需确认来源,psychological_distress,dehydration_or_resource_deprivation,
neg_0213,我被困住了，但没有被压住,我被困住了，但没有被压住,negation_conflict,,trapped_or_entrapment,crush_injury,,trapped_or_entrapment,,route_trapped_or_entrapment,prot_entrapment,prot_crush_injury,high,,yes,自然，可保留；含pending_source_confirmation标签，pilot可用，gold前需确认来源,trapped_or_entrapment,crush_injury,
neg_0214,我被困住了，但没有重物压着,我被困住了，但没有重物压着,negation_conflict,,trapped_or_entrapment,crush_injury,,trapped_or_entrapment,,route_trapped_or_entrapment,prot_entrapment,prot_crush_injury,high,,yes,自然，可保留；含pending_source_confirmation标签，pilot可用，gold前需确认来源,trapped_or_entrapment,crush_injury,
neg_0215,我被困住了，但没有身体被卡住,我被困住了，但没有身体被卡住,negation_conflict,,trapped_or_entrapment,crush_injury,,trapped_or_entrapment,,route_trapped_or_entrapment,prot_entrapment,prot_crush_injury,high,,yes,自然，可保留；含pending_source_confirmation标签，pilot可用，gold前需确认来源,trapped_or_entrapment,crush_injury,
neg_0216,我出不去，但没有被压住,我出不去，但没有被压住,negation_conflict,,trapped_or_entrapment,crush_injury,,trapped_or_entrapment,,route_trapped_or_entrapment,prot_entrapment,prot_crush_injury,high,,yes,自然，可保留；含pending_source_confirmation标签，pilot可用，gold前需确认来源,trapped_or_entrapment,crush_injury,
neg_0217,我出不去，但没有重物压着,我出不去，但没有重物压着,negation_conflict,,trapped_or_entrapment,crush_injury,,trapped_or_entrapment,,route_trapped_or_entrapment,prot_entrapment,prot_crush_injury,high,,yes,自然，可保留；含pending_source_confirmation标签，pilot可用，gold前需确认来源,trapped_or_entrapment,crush_injury,
neg_0218,我出不去，但没有身体被卡住,我出不去，但没有身体被卡住,negation_conflict,,trapped_or_entrapment,crush_injury,,trapped_or_entrapment,,route_trapped_or_entrapment,prot_entrapment,prot_crush_injury,high,,yes,自然，可保留；含pending_source_confirmation标签，pilot可用，gold前需确认来源,trapped_or_entrapment,crush_injury,
neg_0219,我门打不开，但没有被压住,我门打不开，但没有被压住,negation_conflict,,trapped_or_entrapment,crush_injury,,trapped_or_entrapment,,route_trapped_or_entrapment,prot_entrapment,prot_crush_injury,high,,yes,自然，可保留；含pending_source_confirmation标签，pilot可用，gold前需确认来源,trapped_or_entrapment,crush_injury,
neg_0220,我门打不开，但没有重物压着,我门打不开，但没有重物压着,negation_conflict,,trapped_or_entrapment,crush_injury,,trapped_or_entrapment,,route_trapped_or_entrapment,prot_entrapment,prot_crush_injury,high,,yes,自然，可保留；含pending_source_confirmation标签，pilot可用，gold前需确认来源,trapped_or_entrapment,crush_injury,
neg_0221,我门打不开，但没有身体被卡住,我门打不开，但没有身体被卡住,negation_conflict,,trapped_or_entrapment,crush_injury,,trapped_or_entrapment,,route_trapped_or_entrapment,prot_entrapment,prot_crush_injury,high,,yes,自然，可保留；含pending_source_confirmation标签，pilot可用，gold前需确认来源,trapped_or_entrapment,crush_injury,
neg_0222,我腿疼，但不是被压住,我腿疼，但不是被压住,negation_conflict,,trauma_or_fracture,crush_injury,,trauma_or_fracture,,route_trauma_or_fracture,prot_injury_fracture,prot_crush_injury,medium,,yes,自然，可保留；含pending_source_confirmation标签，pilot可用，gold前需确认来源,trauma_or_fracture,crush_injury,
neg_0223,我腿疼，但不是被重物压着,我腿疼，但不是被重物压着,negation_conflict,,trauma_or_fracture,crush_injury,,trauma_or_fracture,,route_trauma_or_fracture,prot_injury_fracture,prot_crush_injury,medium,,yes,自然，可保留；含pending_source_confirmation标签，pilot可用，gold前需确认来源,trauma_or_fracture,crush_injury,
neg_0224,我腿疼，但不是被卡住,我腿疼，但不是被卡住,negation_conflict,,trauma_or_fracture,crush_injury,,trauma_or_fracture,,route_trauma_or_fracture,prot_injury_fracture,prot_crush_injury,medium,,yes,自然，可保留；含pending_source_confirmation标签，pilot可用，gold前需确认来源,trauma_or_fracture,crush_injury,
neg_0225,我胳膊疼，但不是被压住,我胳膊疼，但不是被压住,negation_conflict,,trauma_or_fracture,crush_injury,,trauma_or_fracture,,route_trauma_or_fracture,prot_injury_fracture,prot_crush_injury,medium,,yes,自然，可保留；含pending_source_confirmation标签，pilot可用，gold前需确认来源,trauma_or_fracture,crush_injury,
neg_0226,我胳膊疼，但不是被重物压着,我胳膊疼，但不是被重物压着,negation_conflict,,trauma_or_fracture,crush_injury,,trauma_or_fracture,,route_trauma_or_fracture,prot_injury_fracture,prot_crush_injury,medium,,yes,自然，可保留；含pending_source_confirmation标签，pilot可用，gold前需确认来源,trauma_or_fracture,crush_injury,
neg_0227,我胳膊疼，但不是被卡住,我胳膊疼，但不是被卡住,negation_conflict,,trauma_or_fracture,crush_injury,,trauma_or_fracture,,route_trauma_or_fracture,prot_injury_fracture,prot_crush_injury,medium,,yes,自然，可保留；含pending_source_confirmation标签，pilot可用，gold前需确认来源,trauma_or_fracture,crush_injury,
neg_0228,我手疼，但不是被压住,我手疼，但不是被压住,negation_conflict,,trauma_or_fracture,crush_injury,,trauma_or_fracture,,route_trauma_or_fracture,prot_injury_fracture,prot_crush_injury,medium,,yes,自然，可保留；含pending_source_confirmation标签，pilot可用，gold前需确认来源,trauma_or_fracture,crush_injury,
neg_0229,我手疼，但不是被重物压着,我手疼，但不是被重物压着,negation_conflict,,trauma_or_fracture,crush_injury,,trauma_or_fracture,,route_trauma_or_fracture,prot_injury_fracture,prot_crush_injury,medium,,yes,自然，可保留；含pending_source_confirmation标签，pilot可用，gold前需确认来源,trauma_or_fracture,crush_injury,
neg_0230,我手疼，但不是被卡住,我手疼，但不是被卡住,negation_conflict,,trauma_or_fracture,crush_injury,,trauma_or_fracture,,route_trauma_or_fracture,prot_injury_fracture,prot_crush_injury,medium,,yes,自然，可保留；含pending_source_confirmation标签，pilot可用，gold前需确认来源,trauma_or_fracture,crush_injury,
neg_0231,我脚疼，但不是被压住,我脚疼，但不是被压住,negation_conflict,,trauma_or_fracture,crush_injury,,trauma_or_fracture,,route_trauma_or_fracture,prot_injury_fracture,prot_crush_injury,medium,,yes,自然，可保留；含pending_source_confirmation标签，pilot可用，gold前需确认来源,trauma_or_fracture,crush_injury,
neg_0232,我脚疼，但不是被重物压着,我脚疼，但不是被重物压着,negation_conflict,,trauma_or_fracture,crush_injury,,trauma_or_fracture,,route_trauma_or_fracture,prot_injury_fracture,prot_crush_injury,medium,,yes,自然，可保留；含pending_source_confirmation标签，pilot可用，gold前需确认来源,trauma_or_fracture,crush_injury,
neg_0233,我脚疼，但不是被卡住,我脚疼，但不是被卡住,negation_conflict,,trauma_or_fracture,crush_injury,,trauma_or_fracture,,route_trauma_or_fracture,prot_injury_fracture,prot_crush_injury,medium,,yes,自然，可保留；含pending_source_confirmation标签，pilot可用，gold前需确认来源,trauma_or_fracture,crush_injury,
neg_0234,我伤口出血，但没有被压住,我伤口出血，但没有被压住,negation_conflict,,severe_bleeding_or_shock,crush_injury,,severe_bleeding_or_shock,,route_bleeding_control,prot_bleeding_control,prot_crush_injury,high,,yes,自然，可保留；含pending_source_confirmation标签，pilot可用，gold前需确认来源,severe_bleeding_or_shock,crush_injury,
neg_0235,我一直流血，但没有被压住,我一直流血，但没有被压住,negation_conflict,,severe_bleeding_or_shock,crush_injury,,severe_bleeding_or_shock,,route_bleeding_control,prot_bleeding_control,prot_crush_injury,high,,yes,自然，可保留；含pending_source_confirmation标签，pilot可用，gold前需确认来源,severe_bleeding_or_shock,crush_injury,
neg_0236,我血止不住，但没有被压住,我血止不住，但没有被压住,negation_conflict,,severe_bleeding_or_shock,crush_injury,,severe_bleeding_or_shock,,route_bleeding_control,prot_bleeding_control,prot_crush_injury,high,,yes,自然，可保留；含pending_source_confirmation标签，pilot可用，gold前需确认来源,severe_bleeding_or_shock,crush_injury,
neg_0237,我头晕，身体没有被压住,我头晕，身体没有被压住,negation_conflict,,altered_consciousness_or_head_injury,crush_injury,,altered_consciousness_or_head_injury,,route_head_or_consciousness,prot_head_injury,prot_crush_injury,high,,yes,自然，可保留；含pending_source_confirmation标签，pilot可用，gold前需确认来源,altered_consciousness_or_head_injury,crush_injury,
neg_0238,我头晕，身体没有被挤压,我头晕，身体没有被挤压,negation_conflict,,altered_consciousness_or_head_injury,crush_injury,,altered_consciousness_or_head_injury,,route_head_or_consciousness,prot_head_injury,prot_crush_injury,high,,yes,自然，可保留；含pending_source_confirmation标签，pilot可用，gold前需确认来源,altered_consciousness_or_head_injury,crush_injury,
neg_0239,我头晕，身体没有被重物卡住,我头晕，身体没有被重物卡住,negation_conflict,,altered_consciousness_or_head_injury,crush_injury,,altered_consciousness_or_head_injury,,route_head_or_consciousness,prot_head_injury,prot_crush_injury,high,,yes,自然，可保留；含pending_source_confirmation标签，pilot可用，gold前需确认来源,altered_consciousness_or_head_injury,crush_injury,
neg_0240,我撞到头了，身体没有被压住,我撞到头了，身体没有被压住,negation_conflict,,altered_consciousness_or_head_injury,crush_injury,,altered_consciousness_or_head_injury,,route_head_or_consciousness,prot_head_injury,prot_crush_injury,high,,yes,自然，可保留；含pending_source_confirmation标签，pilot可用，gold前需确认来源,altered_consciousness_or_head_injury,crush_injury,
neg_0241,我撞到头了，身体没有被挤压,我撞到头了，身体没有被挤压,negation_conflict,,altered_consciousness_or_head_injury,crush_injury,,altered_consciousness_or_head_injury,,route_head_or_consciousness,prot_head_injury,prot_crush_injury,high,,yes,自然，可保留；含pending_source_confirmation标签，pilot可用，gold前需确认来源,altered_consciousness_or_head_injury,crush_injury,
neg_0242,我撞到头了，身体没有被重物卡住,我撞到头了，身体没有被重物卡住,negation_conflict,,altered_consciousness_or_head_injury,crush_injury,,altered_consciousness_or_head_injury,,route_head_or_consciousness,prot_head_injury,prot_crush_injury,high,,yes,自然，可保留；含pending_source_confirmation标签，pilot可用，gold前需确认来源,altered_consciousness_or_head_injury,crush_injury,
neg_0243,我眼前发黑，身体没有被压住,我眼前发黑，身体没有被压住,negation_conflict,,altered_consciousness_or_head_injury,crush_injury,,altered_consciousness_or_head_injury,,route_head_or_consciousness,prot_head_injury,prot_crush_injury,high,,yes,自然，可保留；含pending_source_confirmation标签，pilot可用，gold前需确认来源,altered_consciousness_or_head_injury,crush_injury,
neg_0244,我眼前发黑，身体没有被挤压,我眼前发黑，身体没有被挤压,negation_conflict,,altered_consciousness_or_head_injury,crush_injury,,altered_consciousness_or_head_injury,,route_head_or_consciousness,prot_head_injury,prot_crush_injury,high,,yes,自然，可保留；含pending_source_confirmation标签，pilot可用，gold前需确认来源,altered_consciousness_or_head_injury,crush_injury,
neg_0245,我眼前发黑，身体没有被重物卡住,我眼前发黑，身体没有被重物卡住,negation_conflict,,altered_consciousness_or_head_injury,crush_injury,,altered_consciousness_or_head_injury,,route_head_or_consciousness,prot_head_injury,prot_crush_injury,high,,yes,自然，可保留；含pending_source_confirmation标签，pilot可用，gold前需确认来源,altered_consciousness_or_head_injury,crush_injury,
neg_0246,又有余震，但我没有被压住,又有余震，但我没有被压住,negation_conflict,,aftershock_or_collapse_hazard,crush_injury,,aftershock_or_collapse_hazard,,route_aftershock_or_collapse_hazard,prot_aftershock_collapse,prot_crush_injury,high,,yes,自然，可保留；含pending_source_confirmation标签，pilot可用，gold前需确认来源,aftershock_or_collapse_hazard,crush_injury,
neg_0247,墙还在裂，但我没有被压住,墙还在裂，但我没有被压住,negation_conflict,,aftershock_or_collapse_hazard,crush_injury,,aftershock_or_collapse_hazard,,route_aftershock_or_collapse_hazard,prot_aftershock_collapse,prot_crush_injury,high,,yes,自然，可保留；含pending_source_confirmation标签，pilot可用，gold前需确认来源,aftershock_or_collapse_hazard,crush_injury,
neg_0248,上面在掉东西，但我没有被压住,上面在掉东西，但我没有被压住,negation_conflict,,aftershock_or_collapse_hazard,crush_injury,,aftershock_or_collapse_hazard,,route_aftershock_or_collapse_hazard,prot_aftershock_collapse,prot_crush_injury,high,,yes,自然，可保留；含pending_source_confirmation标签，pilot可用，gold前需确认来源,aftershock_or_collapse_hazard,crush_injury,
multi_0001,我喘不上气，手机也快没电了,我喘不上气，手机也快没电了,multi_intent,,respiratory_distress,,low_battery,respiratory_distress,,route_respiratory_distress,prot_respiratory_distress,,critical,,yes,自然，可保留,respiratory_distress,,
multi_0002,我喘不上气，手机也电量很低,我喘不上气，手机也电量很低,multi_intent,,respiratory_distress,,low_battery,respiratory_distress,,route_respiratory_distress,prot_respiratory_distress,,critical,,yes,自然，可保留,respiratory_distress,,
multi_0003,我喘不上气，手机也快关机了,我喘不上气，手机也快关机了,multi_intent,,respiratory_distress,,low_battery,respiratory_distress,,route_respiratory_distress,prot_respiratory_distress,,critical,,yes,自然，可保留,respiratory_distress,,
multi_0004,我呼吸困难，手机也快没电了,我呼吸困难，手机也快没电了,multi_intent,,respiratory_distress,,low_battery,respiratory_distress,,route_respiratory_distress,prot_respiratory_distress,,critical,,yes,自然，可保留,respiratory_distress,,
multi_0005,我呼吸困难，手机也电量很低,我呼吸困难，手机也电量很低,multi_intent,,respiratory_distress,,low_battery,respiratory_distress,,route_respiratory_distress,prot_respiratory_distress,,critical,,yes,自然，可保留,respiratory_distress,,
multi_0006,我呼吸困难，手机也快关机了,我呼吸困难，手机也快关机了,multi_intent,,respiratory_distress,,low_battery,respiratory_distress,,route_respiratory_distress,prot_respiratory_distress,,critical,,yes,自然，可保留,respiratory_distress,,
multi_0007,我吸不上气，手机也快没电了,我吸不上气，手机也快没电了,multi_intent,,respiratory_distress,,low_battery,respiratory_distress,,route_respiratory_distress,prot_respiratory_distress,,critical,,yes,自然，可保留,respiratory_distress,,
multi_0008,我吸不上气，手机也电量很低,我吸不上气，手机也电量很低,multi_intent,,respiratory_distress,,low_battery,respiratory_distress,,route_respiratory_distress,prot_respiratory_distress,,critical,,yes,自然，可保留,respiratory_distress,,
multi_0009,我吸不上气，手机也快关机了,我吸不上气，手机也快关机了,multi_intent,,respiratory_distress,,low_battery,respiratory_distress,,route_respiratory_distress,prot_respiratory_distress,,critical,,yes,自然，可保留,respiratory_distress,,
multi_0010,手机只剩百分之五，但我现在喘不上气,手机只剩百分之五，但我现在喘不上气,multi_intent,,respiratory_distress,,low_battery,respiratory_distress,,route_respiratory_distress,prot_respiratory_distress,,critical,,yes,自然，可保留,respiratory_distress,,
multi_0011,手机只剩百分之五，但我现在呼吸困难,手机只剩百分之五，但我现在呼吸困难,multi_intent,,respiratory_distress,,low_battery,respiratory_distress,,route_respiratory_distress,prot_respiratory_distress,,critical,,yes,自然，可保留,respiratory_distress,,
multi_0012,手机只剩百分之五，但我现在吸不上气,手机只剩百分之五，但我现在吸不上气,multi_intent,,respiratory_distress,,low_battery,respiratory_distress,,route_respiratory_distress,prot_respiratory_distress,,critical,,yes,自然，可保留,respiratory_distress,,
multi_0013,手机马上关机，但我现在喘不上气,手机马上关机，但我现在喘不上气,multi_intent,,respiratory_distress,,low_battery,respiratory_distress,,route_respiratory_distress,prot_respiratory_distress,,critical,,yes,自然，可保留,respiratory_distress,,
multi_0014,手机马上关机，但我现在呼吸困难,手机马上关机，但我现在呼吸困难,multi_intent,,respiratory_distress,,low_battery,respiratory_distress,,route_respiratory_distress,prot_respiratory_distress,,critical,,yes,自然，可保留,respiratory_distress,,
multi_0015,手机马上关机，但我现在吸不上气,手机马上关机，但我现在吸不上气,multi_intent,,respiratory_distress,,low_battery,respiratory_distress,,route_respiratory_distress,prot_respiratory_distress,,critical,,yes,自然，可保留,respiratory_distress,,
multi_0016,手机电量很低，但我现在喘不上气,手机电量很低，但我现在喘不上气,multi_intent,,respiratory_distress,,low_battery,respiratory_distress,,route_respiratory_distress,prot_respiratory_distress,,critical,,yes,自然，可保留,respiratory_distress,,
multi_0017,手机电量很低，但我现在呼吸困难,手机电量很低，但我现在呼吸困难,multi_intent,,respiratory_distress,,low_battery,respiratory_distress,,route_respiratory_distress,prot_respiratory_distress,,critical,,yes,自然，可保留,respiratory_distress,,
multi_0018,手机电量很低，但我现在吸不上气,手机电量很低，但我现在吸不上气,multi_intent,,respiratory_distress,,low_battery,respiratory_distress,,route_respiratory_distress,prot_respiratory_distress,,critical,,yes,自然，可保留,respiratory_distress,,
multi_0019,我喘不过气，只能再发几句话，手机快没电,我喘不过气，只能再发几句话，手机快没电,multi_intent,,respiratory_distress,,low_battery,respiratory_distress,,route_respiratory_distress,prot_respiratory_distress,,critical,,yes,自然，可保留,respiratory_distress,,
multi_0020,我喘不过气，只能再发几句话，手机电量低,我喘不过气，只能再发几句话，手机电量低,multi_intent,,respiratory_distress,,low_battery,respiratory_distress,,route_respiratory_distress,prot_respiratory_distress,,critical,,yes,自然，可保留,respiratory_distress,,
multi_0021,我喘不过气，只能再发几句话，手机快关机,我喘不过气，只能再发几句话，手机快关机,multi_intent,,respiratory_distress,,low_battery,respiratory_distress,,route_respiratory_distress,prot_respiratory_distress,,critical,,yes,自然，可保留,respiratory_distress,,
multi_0022,我憋得厉害，只能再发几句话，手机快没电,我憋得厉害，只能再发几句话，手机快没电,multi_intent,,respiratory_distress,,low_battery,respiratory_distress,,route_respiratory_distress,prot_respiratory_distress,,critical,,yes,自然，可保留,respiratory_distress,,
multi_0023,我憋得厉害，只能再发几句话，手机电量低,我憋得厉害，只能再发几句话，手机电量低,multi_intent,,respiratory_distress,,low_battery,respiratory_distress,,route_respiratory_distress,prot_respiratory_distress,,critical,,yes,自然，可保留,respiratory_distress,,
multi_0024,我憋得厉害，只能再发几句话，手机快关机,我憋得厉害，只能再发几句话，手机快关机,multi_intent,,respiratory_distress,,low_battery,respiratory_distress,,route_respiratory_distress,prot_respiratory_distress,,critical,,yes,自然，可保留,respiratory_distress,,
multi_0025,我缺氧，只能再发几句话，手机快没电,我缺氧，只能再发几句话，手机快没电,multi_intent,,respiratory_distress,,low_battery,respiratory_distress,,route_respiratory_distress,prot_respiratory_distress,,critical,,yes,自然，可保留,respiratory_distress,,
multi_0026,我缺氧，只能再发几句话，手机电量低,我缺氧，只能再发几句话，手机电量低,multi_intent,,respiratory_distress,,low_battery,respiratory_distress,,route_respiratory_distress,prot_respiratory_distress,,critical,,yes,自然，可保留,respiratory_distress,,
multi_0027,我缺氧，只能再发几句话，手机快关机,我缺氧，只能再发几句话，手机快关机,multi_intent,,respiratory_distress,,low_battery,respiratory_distress,,route_respiratory_distress,prot_respiratory_distress,,critical,,yes,自然，可保留,respiratory_distress,,
multi_0028,灰尘很大，我喘不上气，手机快没电了,灰尘很大，我喘不上气，手机快没电了,multi_intent,,respiratory_distress,,low_battery,respiratory_distress,,route_respiratory_distress,prot_respiratory_distress,,critical,,yes,自然，可保留,respiratory_distress,,
multi_0029,灰尘很大，我喘不上气，手机只剩一点电,灰尘很大，我喘不上气，手机只剩一点电,multi_intent,,respiratory_distress,,low_battery,respiratory_distress,,route_respiratory_distress,prot_respiratory_distress,,critical,,yes,自然，可保留,respiratory_distress,,
multi_0030,灰尘很大，我喘不上气，手机快关机了,灰尘很大，我喘不上气，手机快关机了,multi_intent,,respiratory_distress,,low_battery,respiratory_distress,,route_respiratory_distress,prot_respiratory_distress,,critical,,yes,自然，可保留,respiratory_distress,,
multi_0031,灰尘很大，我吸不上气，手机快没电了,灰尘很大，我吸不上气，手机快没电了,multi_intent,,respiratory_distress,,low_battery,respiratory_distress,,route_respiratory_distress,prot_respiratory_distress,,critical,,yes,自然，可保留,respiratory_distress,,
multi_0032,灰尘很大，我吸不上气，手机只剩一点电,灰尘很大，我吸不上气，手机只剩一点电,multi_intent,,respiratory_distress,,low_battery,respiratory_distress,,route_respiratory_distress,prot_respiratory_distress,,critical,,yes,自然，可保留,respiratory_distress,,
multi_0033,灰尘很大，我吸不上气，手机快关机了,灰尘很大，我吸不上气，手机快关机了,multi_intent,,respiratory_distress,,low_battery,respiratory_distress,,route_respiratory_distress,prot_respiratory_distress,,critical,,yes,自然，可保留,respiratory_distress,,
multi_0034,灰尘很大，我呼吸困难，手机快没电了,灰尘很大，我呼吸困难，手机快没电了,multi_intent,,respiratory_distress,,low_battery,respiratory_distress,,route_respiratory_distress,prot_respiratory_distress,,critical,,yes,自然，可保留,respiratory_distress,,
multi_0035,灰尘很大，我呼吸困难，手机只剩一点电,灰尘很大，我呼吸困难，手机只剩一点电,multi_intent,,respiratory_distress,,low_battery,respiratory_distress,,route_respiratory_distress,prot_respiratory_distress,,critical,,yes,自然，可保留,respiratory_distress,,
multi_0036,灰尘很大，我呼吸困难，手机快关机了,灰尘很大，我呼吸困难，手机快关机了,multi_intent,,respiratory_distress,,low_battery,respiratory_distress,,route_respiratory_distress,prot_respiratory_distress,,critical,,yes,自然，可保留,respiratory_distress,,
multi_0037,周围很闷，我喘不上气，手机快没电了,周围很闷，我喘不上气，手机快没电了,multi_intent,,respiratory_distress,,low_battery,respiratory_distress,,route_respiratory_distress,prot_respiratory_distress,,critical,,yes,自然，可保留,respiratory_distress,,
multi_0038,周围很闷，我喘不上气，手机只剩一点电,周围很闷，我喘不上气，手机只剩一点电,multi_intent,,respiratory_distress,,low_battery,respiratory_distress,,route_respiratory_distress,prot_respiratory_distress,,critical,,yes,自然，可保留,respiratory_distress,,
multi_0039,周围很闷，我喘不上气，手机快关机了,周围很闷，我喘不上气，手机快关机了,multi_intent,,respiratory_distress,,low_battery,respiratory_distress,,route_respiratory_distress,prot_respiratory_distress,,critical,,yes,自然，可保留,respiratory_distress,,
multi_0040,周围很闷，我吸不上气，手机快没电了,周围很闷，我吸不上气，手机快没电了,multi_intent,,respiratory_distress,,low_battery,respiratory_distress,,route_respiratory_distress,prot_respiratory_distress,,critical,,yes,自然，可保留,respiratory_distress,,
multi_0041,周围很闷，我吸不上气，手机只剩一点电,周围很闷，我吸不上气，手机只剩一点电,multi_intent,,respiratory_distress,,low_battery,respiratory_distress,,route_respiratory_distress,prot_respiratory_distress,,critical,,yes,自然，可保留,respiratory_distress,,
multi_0042,周围很闷，我吸不上气，手机快关机了,周围很闷，我吸不上气，手机快关机了,multi_intent,,respiratory_distress,,low_battery,respiratory_distress,,route_respiratory_distress,prot_respiratory_distress,,critical,,yes,自然，可保留,respiratory_distress,,
multi_0043,周围很闷，我呼吸困难，手机快没电了,周围很闷，我呼吸困难，手机快没电了,multi_intent,,respiratory_distress,,low_battery,respiratory_distress,,route_respiratory_distress,prot_respiratory_distress,,critical,,yes,自然，可保留,respiratory_distress,,
multi_0044,周围很闷，我呼吸困难，手机只剩一点电,周围很闷，我呼吸困难，手机只剩一点电,multi_intent,,respiratory_distress,,low_battery,respiratory_distress,,route_respiratory_distress,prot_respiratory_distress,,critical,,yes,自然，可保留,respiratory_distress,,
multi_0045,周围很闷，我呼吸困难，手机快关机了,周围很闷，我呼吸困难，手机快关机了,multi_intent,,respiratory_distress,,low_battery,respiratory_distress,,route_respiratory_distress,prot_respiratory_distress,,critical,,yes,自然，可保留,respiratory_distress,,
multi_0046,这里空气不好，我喘不上气，手机快没电了,这里空气不好，我喘不上气，手机快没电了,multi_intent,,respiratory_distress,,low_battery,respiratory_distress,,route_respiratory_distress,prot_respiratory_distress,,critical,,yes,自然，可保留,respiratory_distress,,
multi_0047,这里空气不好，我喘不上气，手机只剩一点电,这里空气不好，我喘不上气，手机只剩一点电,multi_intent,,respiratory_distress,,low_battery,respiratory_distress,,route_respiratory_distress,prot_respiratory_distress,,critical,,yes,自然，可保留,respiratory_distress,,
multi_0048,这里空气不好，我喘不上气，手机快关机了,这里空气不好，我喘不上气，手机快关机了,multi_intent,,respiratory_distress,,low_battery,respiratory_distress,,route_respiratory_distress,prot_respiratory_distress,,critical,,yes,自然，可保留,respiratory_distress,,
multi_0049,这里空气不好，我吸不上气，手机快没电了,这里空气不好，我吸不上气，手机快没电了,multi_intent,,respiratory_distress,,low_battery,respiratory_distress,,route_respiratory_distress,prot_respiratory_distress,,critical,,yes,自然，可保留,respiratory_distress,,
multi_0050,这里空气不好，我吸不上气，手机只剩一点电,这里空气不好，我吸不上气，手机只剩一点电,multi_intent,,respiratory_distress,,low_battery,respiratory_distress,,route_respiratory_distress,prot_respiratory_distress,,critical,,yes,自然，可保留,respiratory_distress,,
multi_0051,这里空气不好，我吸不上气，手机快关机了,这里空气不好，我吸不上气，手机快关机了,multi_intent,,respiratory_distress,,low_battery,respiratory_distress,,route_respiratory_distress,prot_respiratory_distress,,critical,,yes,自然，可保留,respiratory_distress,,
multi_0052,这里空气不好，我呼吸困难，手机快没电了,这里空气不好，我呼吸困难，手机快没电了,multi_intent,,respiratory_distress,,low_battery,respiratory_distress,,route_respiratory_distress,prot_respiratory_distress,,critical,,yes,自然，可保留,respiratory_distress,,
multi_0053,这里空气不好，我呼吸困难，手机只剩一点电,这里空气不好，我呼吸困难，手机只剩一点电,multi_intent,,respiratory_distress,,low_battery,respiratory_distress,,route_respiratory_distress,prot_respiratory_distress,,critical,,yes,自然，可保留,respiratory_distress,,
multi_0054,这里空气不好，我呼吸困难，手机快关机了,这里空气不好，我呼吸困难，手机快关机了,multi_intent,,respiratory_distress,,low_battery,respiratory_distress,,route_respiratory_distress,prot_respiratory_distress,,critical,,yes,自然，可保留,respiratory_distress,,
multi_0055,我一直流血，现在特别害怕,我一直流血，现在特别害怕,multi_intent,,severe_bleeding_or_shock|psychological_distress,,,severe_bleeding_or_shock,psychological_distress,route_bleeding_control,prot_bleeding_control,,high,,yes,自然，可保留,severe_bleeding_or_shock,,psychological_distress
multi_0056,我一直流血，现在特别慌,我一直流血，现在特别慌,multi_intent,,severe_bleeding_or_shock|psychological_distress,,,severe_bleeding_or_shock,psychological_distress,route_bleeding_control,prot_bleeding_control,,high,,yes,自然，可保留,severe_bleeding_or_shock,,psychological_distress
multi_0057,我一直流血，现在特别想哭,我一直流血，现在特别想哭,multi_intent,,severe_bleeding_or_shock|psychological_distress,,,severe_bleeding_or_shock,psychological_distress,route_bleeding_control,prot_bleeding_control,,high,,yes,自然，可保留,severe_bleeding_or_shock,,psychological_distress
multi_0058,我血止不住，现在特别害怕,我血止不住，现在特别害怕,multi_intent,,severe_bleeding_or_shock|psychological_distress,,,severe_bleeding_or_shock,psychological_distress,route_bleeding_control,prot_bleeding_control,,high,,yes,自然，可保留,severe_bleeding_or_shock,,psychological_distress
multi_0059,我血止不住，现在特别慌,我血止不住，现在特别慌,multi_intent,,severe_bleeding_or_shock|psychological_distress,,,severe_bleeding_or_shock,psychological_distress,route_bleeding_control,prot_bleeding_control,,high,,yes,自然，可保留,severe_bleeding_or_shock,,psychological_distress
multi_0060,我血止不住，现在特别想哭,我血止不住，现在特别想哭,multi_intent,,severe_bleeding_or_shock|psychological_distress,,,severe_bleeding_or_shock,psychological_distress,route_bleeding_control,prot_bleeding_control,,high,,yes,自然，可保留,severe_bleeding_or_shock,,psychological_distress
multi_0061,我出了很多血，现在特别害怕,我出了很多血，现在特别害怕,multi_intent,,severe_bleeding_or_shock|psychological_distress,,,severe_bleeding_or_shock,psychological_distress,route_bleeding_control,prot_bleeding_control,,high,,yes,自然，可保留,severe_bleeding_or_shock,,psychological_distress
multi_0062,我出了很多血，现在特别慌,我出了很多血，现在特别慌,multi_intent,,severe_bleeding_or_shock|psychological_distress,,,severe_bleeding_or_shock,psychological_distress,route_bleeding_control,prot_bleeding_control,,high,,yes,自然，可保留,severe_bleeding_or_shock,,psychological_distress
multi_0063,我出了很多血，现在特别想哭,我出了很多血，现在特别想哭,multi_intent,,severe_bleeding_or_shock|psychological_distress,,,severe_bleeding_or_shock,psychological_distress,route_bleeding_control,prot_bleeding_control,,high,,yes,自然，可保留,severe_bleeding_or_shock,,psychological_distress
multi_0064,我很害怕，因为伤口一直流血,我很害怕，因为伤口一直流血,multi_intent,,severe_bleeding_or_shock|psychological_distress,,,severe_bleeding_or_shock,psychological_distress,route_bleeding_control,prot_bleeding_control,,high,,yes,自然，可保留,severe_bleeding_or_shock,,psychological_distress
multi_0065,我很害怕，因为血止不住,我很害怕，因为血止不住,multi_intent,,severe_bleeding_or_shock|psychological_distress,,,severe_bleeding_or_shock,psychological_distress,route_bleeding_control,prot_bleeding_control,,high,,yes,自然，可保留,severe_bleeding_or_shock,,psychological_distress
multi_0066,我很害怕，因为很多血,我很害怕，因为很多血,multi_intent,,severe_bleeding_or_shock|psychological_distress,,,severe_bleeding_or_shock,psychological_distress,route_bleeding_control,prot_bleeding_control,,high,,yes,自然，可保留,severe_bleeding_or_shock,,psychological_distress
multi_0067,我很慌，因为伤口一直流血,我很慌，因为伤口一直流血,multi_intent,,severe_bleeding_or_shock|psychological_distress,,,severe_bleeding_or_shock,psychological_distress,route_bleeding_control,prot_bleeding_control,,high,,yes,自然，可保留,severe_bleeding_or_shock,,psychological_distress
multi_0068,我很慌，因为血止不住,我很慌，因为血止不住,multi_intent,,severe_bleeding_or_shock|psychological_distress,,,severe_bleeding_or_shock,psychological_distress,route_bleeding_control,prot_bleeding_control,,high,,yes,自然，可保留,severe_bleeding_or_shock,,psychological_distress
multi_0069,我很慌，因为很多血,我很慌，因为很多血,multi_intent,,severe_bleeding_or_shock|psychological_distress,,,severe_bleeding_or_shock,psychological_distress,route_bleeding_control,prot_bleeding_control,,high,,yes,自然，可保留,severe_bleeding_or_shock,,psychological_distress
multi_0070,我很崩溃，因为伤口一直流血,我很崩溃，因为伤口一直流血,multi_intent,,severe_bleeding_or_shock|psychological_distress,,,severe_bleeding_or_shock,psychological_distress,route_bleeding_control,prot_bleeding_control,,high,,yes,自然，可保留,severe_bleeding_or_shock,,psychological_distress
multi_0071,我很崩溃，因为血止不住,我很崩溃，因为血止不住,multi_intent,,severe_bleeding_or_shock|psychological_distress,,,severe_bleeding_or_shock,psychological_distress,route_bleeding_control,prot_bleeding_control,,high,,yes,自然，可保留,severe_bleeding_or_shock,,psychological_distress
multi_0072,我很崩溃，因为很多血,我很崩溃，因为很多血,multi_intent,,severe_bleeding_or_shock|psychological_distress,,,severe_bleeding_or_shock,psychological_distress,route_bleeding_control,prot_bleeding_control,,high,,yes,自然，可保留,severe_bleeding_or_shock,,psychological_distress
multi_0073,手上一直流血，我脑子很乱,手上一直流血，我脑子很乱,multi_intent,,severe_bleeding_or_shock|psychological_distress,,,severe_bleeding_or_shock,psychological_distress,route_bleeding_control,prot_bleeding_control,,high,,yes,自然，可保留,severe_bleeding_or_shock,,psychological_distress
multi_0074,手上出了很多血，我脑子很乱,手上出了很多血，我脑子很乱,multi_intent,,severe_bleeding_or_shock|psychological_distress,,,severe_bleeding_or_shock,psychological_distress,route_bleeding_control,prot_bleeding_control,,high,,yes,自然，可保留,severe_bleeding_or_shock,,psychological_distress
multi_0075,手上血止不住，我脑子很乱,手上血止不住，我脑子很乱,multi_intent,,severe_bleeding_or_shock|psychological_distress,,,severe_bleeding_or_shock,psychological_distress,route_bleeding_control,prot_bleeding_control,,high,,yes,自然，可保留,severe_bleeding_or_shock,,psychological_distress
multi_0076,腿上一直流血，我脑子很乱,腿上一直流血，我脑子很乱,multi_intent,,severe_bleeding_or_shock|psychological_distress,,,severe_bleeding_or_shock,psychological_distress,route_bleeding_control,prot_bleeding_control,,high,,yes,自然，可保留,severe_bleeding_or_shock,,psychological_distress
multi_0077,腿上出了很多血，我脑子很乱,腿上出了很多血，我脑子很乱,multi_intent,,severe_bleeding_or_shock|psychological_distress,,,severe_bleeding_or_shock,psychological_distress,route_bleeding_control,prot_bleeding_control,,high,,yes,自然，可保留,severe_bleeding_or_shock,,psychological_distress
multi_0078,腿上血止不住，我脑子很乱,腿上血止不住，我脑子很乱,multi_intent,,severe_bleeding_or_shock|psychological_distress,,,severe_bleeding_or_shock,psychological_distress,route_bleeding_control,prot_bleeding_control,,high,,yes,自然，可保留,severe_bleeding_or_shock,,psychological_distress
multi_0079,胳膊上一直流血，我脑子很乱,胳膊上一直流血，我脑子很乱,multi_intent,,severe_bleeding_or_shock|psychological_distress,,,severe_bleeding_or_shock,psychological_distress,route_bleeding_control,prot_bleeding_control,,high,,yes,自然，可保留,severe_bleeding_or_shock,,psychological_distress
multi_0080,胳膊上出了很多血，我脑子很乱,胳膊上出了很多血，我脑子很乱,multi_intent,,severe_bleeding_or_shock|psychological_distress,,,severe_bleeding_or_shock,psychological_distress,route_bleeding_control,prot_bleeding_control,,high,,yes,自然，可保留,severe_bleeding_or_shock,,psychological_distress
multi_0081,胳膊上血止不住，我脑子很乱,胳膊上血止不住，我脑子很乱,multi_intent,,severe_bleeding_or_shock|psychological_distress,,,severe_bleeding_or_shock,psychological_distress,route_bleeding_control,prot_bleeding_control,,high,,yes,自然，可保留,severe_bleeding_or_shock,,psychological_distress
multi_0082,我流了很多血，手一直抖，很害怕,我流了很多血，手一直抖，很害怕,multi_intent,,severe_bleeding_or_shock|psychological_distress,,,severe_bleeding_or_shock,psychological_distress,route_bleeding_control,prot_bleeding_control,,high,,yes,自然，可保留,severe_bleeding_or_shock,,psychological_distress
multi_0083,我流了很多血，手一直抖，很慌,我流了很多血，手一直抖，很慌,multi_intent,,severe_bleeding_or_shock|psychological_distress,,,severe_bleeding_or_shock,psychological_distress,route_bleeding_control,prot_bleeding_control,,high,,yes,自然，可保留,severe_bleeding_or_shock,,psychological_distress
multi_0084,我流了很多血，手一直抖，很紧张,我流了很多血，手一直抖，很紧张,multi_intent,,severe_bleeding_or_shock|psychological_distress,,,severe_bleeding_or_shock,psychological_distress,route_bleeding_control,prot_bleeding_control,,high,,yes,自然，可保留,severe_bleeding_or_shock,,psychological_distress
multi_0085,我伤口冒血，手一直抖，很害怕,我伤口冒血，手一直抖，很害怕,multi_intent,,severe_bleeding_or_shock|psychological_distress,,,severe_bleeding_or_shock,psychological_distress,route_bleeding_control,prot_bleeding_control,,high,,yes,自然，可保留,severe_bleeding_or_shock,,psychological_distress
multi_0086,我伤口冒血，手一直抖，很慌,我伤口冒血，手一直抖，很慌,multi_intent,,severe_bleeding_or_shock|psychological_distress,,,severe_bleeding_or_shock,psychological_distress,route_bleeding_control,prot_bleeding_control,,high,,yes,自然，可保留,severe_bleeding_or_shock,,psychological_distress
multi_0087,我伤口冒血，手一直抖，很紧张,我伤口冒血，手一直抖，很紧张,multi_intent,,severe_bleeding_or_shock|psychological_distress,,,severe_bleeding_or_shock,psychological_distress,route_bleeding_control,prot_bleeding_control,,high,,yes,自然，可保留,severe_bleeding_or_shock,,psychological_distress
multi_0088,我血没有停，手一直抖，很害怕,我血没有停，手一直抖，很害怕,multi_intent,,severe_bleeding_or_shock|psychological_distress,,,severe_bleeding_or_shock,psychological_distress,route_bleeding_control,prot_bleeding_control,,high,,yes,自然，可保留,severe_bleeding_or_shock,,psychological_distress
multi_0089,我血没有停，手一直抖，很慌,我血没有停，手一直抖，很慌,multi_intent,,severe_bleeding_or_shock|psychological_distress,,,severe_bleeding_or_shock,psychological_distress,route_bleeding_control,prot_bleeding_control,,high,,yes,自然，可保留,severe_bleeding_or_shock,,psychological_distress
multi_0090,我血没有停，手一直抖，很紧张,我血没有停，手一直抖，很紧张,multi_intent,,severe_bleeding_or_shock|psychological_distress,,,severe_bleeding_or_shock,psychological_distress,route_bleeding_control,prot_bleeding_control,,high,,yes,自然，可保留,severe_bleeding_or_shock,,psychological_distress
multi_0091,我腿被压住了，还有点喘不上气,我腿被压住了，还有点喘不上气,multi_intent,,crush_injury|respiratory_distress,,,respiratory_distress,crush_injury,route_respiratory_distress,prot_respiratory_distress,,critical,,yes,自然，可保留；含pending_source_confirmation标签，pilot可用，gold前需确认来源,respiratory_distress,,crush_injury
multi_0092,我腿被压住了，还有点呼吸困难,我腿被压住了，还有点呼吸困难,multi_intent,,crush_injury|respiratory_distress,,,respiratory_distress,crush_injury,route_respiratory_distress,prot_respiratory_distress,,critical,,yes,自然，可保留；含pending_source_confirmation标签，pilot可用，gold前需确认来源,respiratory_distress,,crush_injury
multi_0093,我腿被压住了，还有点吸不上气,我腿被压住了，还有点吸不上气,multi_intent,,crush_injury|respiratory_distress,,,respiratory_distress,crush_injury,route_respiratory_distress,prot_respiratory_distress,,critical,,yes,自然，可保留；含pending_source_confirmation标签，pilot可用，gold前需确认来源,respiratory_distress,,crush_injury
multi_0094,我胸口被压着，还有点喘不上气,我胸口被压着，还有点喘不上气,multi_intent,,crush_injury|respiratory_distress,,,respiratory_distress,crush_injury,route_respiratory_distress,prot_respiratory_distress,,critical,,yes,自然，可保留；含pending_source_confirmation标签，pilot可用，gold前需确认来源,respiratory_distress,,crush_injury
multi_0095,我胸口被压着，还有点呼吸困难,我胸口被压着，还有点呼吸困难,multi_intent,,crush_injury|respiratory_distress,,,respiratory_distress,crush_injury,route_respiratory_distress,prot_respiratory_distress,,critical,,yes,自然，可保留；含pending_source_confirmation标签，pilot可用，gold前需确认来源,respiratory_distress,,crush_injury
multi_0096,我胸口被压着，还有点吸不上气,我胸口被压着，还有点吸不上气,multi_intent,,crush_injury|respiratory_distress,,,respiratory_distress,crush_injury,route_respiratory_distress,prot_respiratory_distress,,critical,,yes,自然，可保留；含pending_source_confirmation标签，pilot可用，gold前需确认来源,respiratory_distress,,crush_injury
multi_0097,我身体被卡住了，还有点喘不上气,我身体被卡住了，还有点喘不上气,multi_intent,,crush_injury|respiratory_distress,,,respiratory_distress,crush_injury,route_respiratory_distress,prot_respiratory_distress,,critical,,yes,自然，可保留；含pending_source_confirmation标签，pilot可用，gold前需确认来源,respiratory_distress,,crush_injury
multi_0098,我身体被卡住了，还有点呼吸困难,我身体被卡住了，还有点呼吸困难,multi_intent,,crush_injury|respiratory_distress,,,respiratory_distress,crush_injury,route_respiratory_distress,prot_respiratory_distress,,critical,,yes,自然，可保留；含pending_source_confirmation标签，pilot可用，gold前需确认来源,respiratory_distress,,crush_injury
multi_0099,我身体被卡住了，还有点吸不上气,我身体被卡住了，还有点吸不上气,multi_intent,,crush_injury|respiratory_distress,,,respiratory_distress,crush_injury,route_respiratory_distress,prot_respiratory_distress,,critical,,yes,自然，可保留；含pending_source_confirmation标签，pilot可用，gold前需确认来源,respiratory_distress,,crush_injury
multi_0100,重物压着腿，我喘不上气,重物压着腿，我喘不上气,multi_intent,,crush_injury|respiratory_distress,,,respiratory_distress,crush_injury,route_respiratory_distress,prot_respiratory_distress,,critical,,yes,自然，可保留；含pending_source_confirmation标签，pilot可用，gold前需确认来源,respiratory_distress,,crush_injury
multi_0101,重物压着腿，我吸不上气,重物压着腿，我吸不上气,multi_intent,,crush_injury|respiratory_distress,,,respiratory_distress,crush_injury,route_respiratory_distress,prot_respiratory_distress,,critical,,yes,自然，可保留；含pending_source_confirmation标签，pilot可用，gold前需确认来源,respiratory_distress,,crush_injury
multi_0102,重物压着腿，我呼吸很费力,重物压着腿，我呼吸很费力,multi_intent,,crush_injury|respiratory_distress,,,respiratory_distress,crush_injury,route_respiratory_distress,prot_respiratory_distress,,critical,,yes,自然，可保留；含pending_source_confirmation标签，pilot可用，gold前需确认来源,respiratory_distress,,crush_injury
multi_0103,重物压着胸口，我喘不上气,重物压着胸口，我喘不上气,multi_intent,,crush_injury|respiratory_distress,,,respiratory_distress,crush_injury,route_respiratory_distress,prot_respiratory_distress,,critical,,yes,自然，可保留；含pending_source_confirmation标签，pilot可用，gold前需确认来源,respiratory_distress,,crush_injury
multi_0104,重物压着胸口，我吸不上气,重物压着胸口，我吸不上气,multi_intent,,crush_injury|respiratory_distress,,,respiratory_distress,crush_injury,route_respiratory_distress,prot_respiratory_distress,,critical,,yes,自然，可保留；含pending_source_confirmation标签，pilot可用，gold前需确认来源,respiratory_distress,,crush_injury
multi_0105,重物压着胸口，我呼吸很费力,重物压着胸口，我呼吸很费力,multi_intent,,crush_injury|respiratory_distress,,,respiratory_distress,crush_injury,route_respiratory_distress,prot_respiratory_distress,,critical,,yes,自然，可保留；含pending_source_confirmation标签，pilot可用，gold前需确认来源,respiratory_distress,,crush_injury
multi_0106,重物压着肚子，我喘不上气,重物压着肚子，我喘不上气,multi_intent,,crush_injury|respiratory_distress,,,respiratory_distress,crush_injury,route_respiratory_distress,prot_respiratory_distress,,critical,,yes,自然，可保留；含pending_source_confirmation标签，pilot可用，gold前需确认来源,respiratory_distress,,crush_injury
multi_0107,重物压着肚子，我吸不上气,重物压着肚子，我吸不上气,multi_intent,,crush_injury|respiratory_distress,,,respiratory_distress,crush_injury,route_respiratory_distress,prot_respiratory_distress,,critical,,yes,自然，可保留；含pending_source_confirmation标签，pilot可用，gold前需确认来源,respiratory_distress,,crush_injury
multi_0108,重物压着肚子，我呼吸很费力,重物压着肚子，我呼吸很费力,multi_intent,,crush_injury|respiratory_distress,,,respiratory_distress,crush_injury,route_respiratory_distress,prot_respiratory_distress,,critical,,yes,自然，可保留；含pending_source_confirmation标签，pilot可用，gold前需确认来源,respiratory_distress,,crush_injury
multi_0109,重物压着胳膊，我喘不上气,重物压着胳膊，我喘不上气,multi_intent,,crush_injury|respiratory_distress,,,respiratory_distress,crush_injury,route_respiratory_distress,prot_respiratory_distress,,critical,,yes,自然，可保留；含pending_source_confirmation标签，pilot可用，gold前需确认来源,respiratory_distress,,crush_injury
multi_0110,重物压着胳膊，我吸不上气,重物压着胳膊，我吸不上气,multi_intent,,crush_injury|respiratory_distress,,,respiratory_distress,crush_injury,route_respiratory_distress,prot_respiratory_distress,,critical,,yes,自然，可保留；含pending_source_confirmation标签，pilot可用，gold前需确认来源,respiratory_distress,,crush_injury
multi_0111,重物压着胳膊，我呼吸很费力,重物压着胳膊，我呼吸很费力,multi_intent,,crush_injury|respiratory_distress,,,respiratory_distress,crush_injury,route_respiratory_distress,prot_respiratory_distress,,critical,,yes,自然，可保留；含pending_source_confirmation标签，pilot可用，gold前需确认来源,respiratory_distress,,crush_injury
multi_0112,我被压住，说话也很费劲,我被压住，说话也很费劲,multi_intent,,crush_injury|respiratory_distress,,,respiratory_distress,crush_injury,route_respiratory_distress,prot_respiratory_distress,,critical,,yes,自然，可保留；含pending_source_confirmation标签，pilot可用，gold前需确认来源,respiratory_distress,,crush_injury
multi_0113,我被压住，说话也喘不上来,我被压住，说话也喘不上来,multi_intent,,crush_injury|respiratory_distress,,,respiratory_distress,crush_injury,route_respiratory_distress,prot_respiratory_distress,,critical,,yes,自然，可保留；含pending_source_confirmation标签，pilot可用，gold前需确认来源,respiratory_distress,,crush_injury
multi_0114,我被压住，说话也断断续续,我被压住，说话也断断续续,multi_intent,,crush_injury|respiratory_distress,,,respiratory_distress,crush_injury,route_respiratory_distress,prot_respiratory_distress,,critical,,needs_adjudication,说话断断续续可能是呼吸困难或情绪/受困表现，需仲裁,needs_adjudication,,crush_injury
multi_0115,我被卡住，说话也很费劲,我被卡住，说话也很费劲,multi_intent,,crush_injury|respiratory_distress,,,respiratory_distress,crush_injury,route_respiratory_distress,prot_respiratory_distress,,critical,,needs_adjudication,被卡住未说明身体部位受压，crush_injury与trapped_or_entrapment边界争议，需仲裁,respiratory_distress,,needs_adjudication
multi_0116,我被卡住，说话也喘不上来,我被卡住，说话也喘不上来,multi_intent,,crush_injury|respiratory_distress,,,respiratory_distress,crush_injury,route_respiratory_distress,prot_respiratory_distress,,critical,,needs_adjudication,被卡住未说明身体部位受压，crush_injury与trapped_or_entrapment边界争议，需仲裁,respiratory_distress,,needs_adjudication
multi_0117,我被卡住，说话也断断续续,我被卡住，说话也断断续续,multi_intent,,crush_injury|respiratory_distress,,,respiratory_distress,crush_injury,route_respiratory_distress,prot_respiratory_distress,,critical,,needs_adjudication,被卡住未说明身体部位受压，crush_injury与trapped_or_entrapment边界争议，需仲裁,respiratory_distress,,needs_adjudication
multi_0118,我被挤住，说话也很费劲,我被挤住，说话也很费劲,multi_intent,,crush_injury|respiratory_distress,,,respiratory_distress,crush_injury,route_respiratory_distress,prot_respiratory_distress,,critical,,yes,自然，可保留；含pending_source_confirmation标签，pilot可用，gold前需确认来源,respiratory_distress,,crush_injury
multi_0119,我被挤住，说话也喘不上来,我被挤住，说话也喘不上来,multi_intent,,crush_injury|respiratory_distress,,,respiratory_distress,crush_injury,route_respiratory_distress,prot_respiratory_distress,,critical,,yes,自然，可保留；含pending_source_confirmation标签，pilot可用，gold前需确认来源,respiratory_distress,,crush_injury
multi_0120,我被挤住，说话也断断续续,我被挤住，说话也断断续续,multi_intent,,crush_injury|respiratory_distress,,,respiratory_distress,crush_injury,route_respiratory_distress,prot_respiratory_distress,,critical,,needs_adjudication,说话断断续续可能是呼吸困难或情绪/受困表现，需仲裁,needs_adjudication,,crush_injury
multi_0121,腿被压住很久了，现在喘不上气,腿被压住很久了，现在喘不上气,multi_intent,,crush_injury|respiratory_distress,,,respiratory_distress,crush_injury,route_respiratory_distress,prot_respiratory_distress,,critical,,yes,自然，可保留；含pending_source_confirmation标签，pilot可用，gold前需确认来源,respiratory_distress,,crush_injury
multi_0122,腿被压住很久了，现在吸不上气,腿被压住很久了，现在吸不上气,multi_intent,,crush_injury|respiratory_distress,,,respiratory_distress,crush_injury,route_respiratory_distress,prot_respiratory_distress,,critical,,yes,自然，可保留；含pending_source_confirmation标签，pilot可用，gold前需确认来源,respiratory_distress,,crush_injury
multi_0123,腿被压住很久了，现在呼吸困难,腿被压住很久了，现在呼吸困难,multi_intent,,crush_injury|respiratory_distress,,,respiratory_distress,crush_injury,route_respiratory_distress,prot_respiratory_distress,,critical,,yes,自然，可保留；含pending_source_confirmation标签，pilot可用，gold前需确认来源,respiratory_distress,,crush_injury
multi_0124,胳膊被压住很久了，现在喘不上气,胳膊被压住很久了，现在喘不上气,multi_intent,,crush_injury|respiratory_distress,,,respiratory_distress,crush_injury,route_respiratory_distress,prot_respiratory_distress,,critical,,yes,自然，可保留；含pending_source_confirmation标签，pilot可用，gold前需确认来源,respiratory_distress,,crush_injury
multi_0125,胳膊被压住很久了，现在吸不上气,胳膊被压住很久了，现在吸不上气,multi_intent,,crush_injury|respiratory_distress,,,respiratory_distress,crush_injury,route_respiratory_distress,prot_respiratory_distress,,critical,,yes,自然，可保留；含pending_source_confirmation标签，pilot可用，gold前需确认来源,respiratory_distress,,crush_injury
multi_0126,胳膊被压住很久了，现在呼吸困难,胳膊被压住很久了，现在呼吸困难,multi_intent,,crush_injury|respiratory_distress,,,respiratory_distress,crush_injury,route_respiratory_distress,prot_respiratory_distress,,critical,,yes,自然，可保留；含pending_source_confirmation标签，pilot可用，gold前需确认来源,respiratory_distress,,crush_injury
multi_0127,手被压住很久了，现在喘不上气,手被压住很久了，现在喘不上气,multi_intent,,crush_injury|respiratory_distress,,,respiratory_distress,crush_injury,route_respiratory_distress,prot_respiratory_distress,,critical,,yes,自然，可保留；含pending_source_confirmation标签，pilot可用，gold前需确认来源,respiratory_distress,,crush_injury
multi_0128,手被压住很久了，现在吸不上气,手被压住很久了，现在吸不上气,multi_intent,,crush_injury|respiratory_distress,,,respiratory_distress,crush_injury,route_respiratory_distress,prot_respiratory_distress,,critical,,yes,自然，可保留；含pending_source_confirmation标签，pilot可用，gold前需确认来源,respiratory_distress,,crush_injury
multi_0129,手被压住很久了，现在呼吸困难,手被压住很久了，现在呼吸困难,multi_intent,,crush_injury|respiratory_distress,,,respiratory_distress,crush_injury,route_respiratory_distress,prot_respiratory_distress,,critical,,yes,自然，可保留；含pending_source_confirmation标签，pilot可用，gold前需确认来源,respiratory_distress,,crush_injury
multi_0130,脚被压住很久了，现在喘不上气,脚被压住很久了，现在喘不上气,multi_intent,,crush_injury|respiratory_distress,,,respiratory_distress,crush_injury,route_respiratory_distress,prot_respiratory_distress,,critical,,yes,自然，可保留；含pending_source_confirmation标签，pilot可用，gold前需确认来源,respiratory_distress,,crush_injury
multi_0131,脚被压住很久了，现在吸不上气,脚被压住很久了，现在吸不上气,multi_intent,,crush_injury|respiratory_distress,,,respiratory_distress,crush_injury,route_respiratory_distress,prot_respiratory_distress,,critical,,yes,自然，可保留；含pending_source_confirmation标签，pilot可用，gold前需确认来源,respiratory_distress,,crush_injury
multi_0132,脚被压住很久了，现在呼吸困难,脚被压住很久了，现在呼吸困难,multi_intent,,crush_injury|respiratory_distress,,,respiratory_distress,crush_injury,route_respiratory_distress,prot_respiratory_distress,,critical,,yes,自然，可保留；含pending_source_confirmation标签，pilot可用，gold前需确认来源,respiratory_distress,,crush_injury
multi_0133,我被困住了，身上很冷,我被困住了，身上很冷,multi_intent,,trapped_or_entrapment|hypothermia,,,trapped_or_entrapment,hypothermia,route_trapped_or_entrapment,prot_entrapment,,high,,yes,自然，可保留；含pending_source_confirmation标签，pilot可用，gold前需确认来源,trapped_or_entrapment,,hypothermia
multi_0134,我被困住了，身上冷得发抖,我被困住了，身上冷得发抖,multi_intent,,trapped_or_entrapment|hypothermia,,,trapped_or_entrapment,hypothermia,route_trapped_or_entrapment,prot_entrapment,,high,,yes,自然，可保留；含pending_source_confirmation标签，pilot可用，gold前需确认来源,trapped_or_entrapment,,hypothermia
multi_0135,我被困住了，身上湿透了,我被困住了，身上湿透了,multi_intent,,trapped_or_entrapment|hypothermia,,,trapped_or_entrapment,hypothermia,route_trapped_or_entrapment,prot_entrapment,,high,,yes,自然，可保留；含pending_source_confirmation标签，pilot可用，gold前需确认来源,trapped_or_entrapment,,hypothermia
multi_0136,我出不去，身上很冷,我出不去，身上很冷,multi_intent,,trapped_or_entrapment|hypothermia,,,trapped_or_entrapment,hypothermia,route_trapped_or_entrapment,prot_entrapment,,high,,yes,自然，可保留；含pending_source_confirmation标签，pilot可用，gold前需确认来源,trapped_or_entrapment,,hypothermia
multi_0137,我出不去，身上冷得发抖,我出不去，身上冷得发抖,multi_intent,,trapped_or_entrapment|hypothermia,,,trapped_or_entrapment,hypothermia,route_trapped_or_entrapment,prot_entrapment,,high,,yes,自然，可保留；含pending_source_confirmation标签，pilot可用，gold前需确认来源,trapped_or_entrapment,,hypothermia
multi_0138,我出不去，身上湿透了,我出不去，身上湿透了,multi_intent,,trapped_or_entrapment|hypothermia,,,trapped_or_entrapment,hypothermia,route_trapped_or_entrapment,prot_entrapment,,high,,yes,自然，可保留；含pending_source_confirmation标签，pilot可用，gold前需确认来源,trapped_or_entrapment,,hypothermia
multi_0139,我卡在里面，身上很冷,我卡在里面，身上很冷,multi_intent,,trapped_or_entrapment|hypothermia,,,trapped_or_entrapment,hypothermia,route_trapped_or_entrapment,prot_entrapment,,high,,yes,自然，可保留；含pending_source_confirmation标签，pilot可用，gold前需确认来源,trapped_or_entrapment,,hypothermia
multi_0140,我卡在里面，身上冷得发抖,我卡在里面，身上冷得发抖,multi_intent,,trapped_or_entrapment|hypothermia,,,trapped_or_entrapment,hypothermia,route_trapped_or_entrapment,prot_entrapment,,high,,yes,自然，可保留；含pending_source_confirmation标签，pilot可用，gold前需确认来源,trapped_or_entrapment,,hypothermia
multi_0141,我卡在里面，身上湿透了,我卡在里面，身上湿透了,multi_intent,,trapped_or_entrapment|hypothermia,,,trapped_or_entrapment,hypothermia,route_trapped_or_entrapment,prot_entrapment,,high,,yes,自然，可保留；含pending_source_confirmation标签，pilot可用，gold前需确认来源,trapped_or_entrapment,,hypothermia
multi_0142,衣服湿透了，我还被困着,衣服湿透了，我还被困着,multi_intent,,hypothermia|trapped_or_entrapment,,,trapped_or_entrapment,hypothermia,route_trapped_or_entrapment,prot_entrapment,,high,,yes,自然，可保留；含pending_source_confirmation标签，pilot可用，gold前需确认来源,trapped_or_entrapment,,hypothermia
multi_0143,衣服湿透了，我还出不去,衣服湿透了，我还出不去,multi_intent,,hypothermia|trapped_or_entrapment,,,trapped_or_entrapment,hypothermia,route_trapped_or_entrapment,prot_entrapment,,high,,yes,自然，可保留；含pending_source_confirmation标签，pilot可用，gold前需确认来源,trapped_or_entrapment,,hypothermia
multi_0144,衣服湿透了，我还卡住了,衣服湿透了，我还卡住了,multi_intent,,hypothermia|trapped_or_entrapment,,,trapped_or_entrapment,hypothermia,route_trapped_or_entrapment,prot_entrapment,,high,,yes,自然，可保留；含pending_source_confirmation标签，pilot可用，gold前需确认来源,trapped_or_entrapment,,hypothermia
multi_0145,衣服很冷，我还被困着,衣服很冷，我还被困着,multi_intent,,hypothermia|trapped_or_entrapment,,,trapped_or_entrapment,hypothermia,route_trapped_or_entrapment,prot_entrapment,,high,,yes,自然，可保留；含pending_source_confirmation标签，pilot可用，gold前需确认来源,trapped_or_entrapment,,hypothermia
multi_0146,衣服很冷，我还出不去,衣服很冷，我还出不去,multi_intent,,hypothermia|trapped_or_entrapment,,,trapped_or_entrapment,hypothermia,route_trapped_or_entrapment,prot_entrapment,,high,,yes,自然，可保留；含pending_source_confirmation标签，pilot可用，gold前需确认来源,trapped_or_entrapment,,hypothermia
multi_0147,衣服很冷，我还卡住了,衣服很冷，我还卡住了,multi_intent,,hypothermia|trapped_or_entrapment,,,trapped_or_entrapment,hypothermia,route_trapped_or_entrapment,prot_entrapment,,high,,yes,自然，可保留；含pending_source_confirmation标签，pilot可用，gold前需确认来源,trapped_or_entrapment,,hypothermia
multi_0148,衣服冷得发抖，我还被困着,衣服冷得发抖，我还被困着,multi_intent,,hypothermia|trapped_or_entrapment,,,trapped_or_entrapment,hypothermia,route_trapped_or_entrapment,prot_entrapment,,high,,yes,自然，可保留；含pending_source_confirmation标签，pilot可用，gold前需确认来源,trapped_or_entrapment,,hypothermia
multi_0149,衣服冷得发抖，我还出不去,衣服冷得发抖，我还出不去,multi_intent,,hypothermia|trapped_or_entrapment,,,trapped_or_entrapment,hypothermia,route_trapped_or_entrapment,prot_entrapment,,high,,yes,自然，可保留；含pending_source_confirmation标签，pilot可用，gold前需确认来源,trapped_or_entrapment,,hypothermia
multi_0150,衣服冷得发抖，我还卡住了,衣服冷得发抖，我还卡住了,multi_intent,,hypothermia|trapped_or_entrapment,,,trapped_or_entrapment,hypothermia,route_trapped_or_entrapment,prot_entrapment,,high,,yes,自然，可保留；含pending_source_confirmation标签，pilot可用，gold前需确认来源,trapped_or_entrapment,,hypothermia
multi_0151,我在废墟里动不了，现在好冷,我在废墟里动不了，现在好冷,multi_intent,,trapped_or_entrapment|hypothermia,,,trapped_or_entrapment,hypothermia,route_trapped_or_entrapment,prot_entrapment,,high,,yes,自然，可保留；含pending_source_confirmation标签，pilot可用，gold前需确认来源,trapped_or_entrapment,,hypothermia
multi_0152,我在废墟里动不了，现在发抖,我在废墟里动不了，现在发抖,multi_intent,,trapped_or_entrapment|hypothermia,,,trapped_or_entrapment,hypothermia,route_trapped_or_entrapment,prot_entrapment,,high,,yes,自然，可保留；含pending_source_confirmation标签，pilot可用，gold前需确认来源,trapped_or_entrapment,,hypothermia
multi_0153,我在废墟里动不了，现在快冻僵了,我在废墟里动不了，现在快冻僵了,multi_intent,,trapped_or_entrapment|hypothermia,,,trapped_or_entrapment,hypothermia,route_trapped_or_entrapment,prot_entrapment,,high,,yes,自然，可保留；含pending_source_confirmation标签，pilot可用，gold前需确认来源,trapped_or_entrapment,,hypothermia
multi_0154,我在废墟里出不去，现在好冷,我在废墟里出不去，现在好冷,multi_intent,,trapped_or_entrapment|hypothermia,,,trapped_or_entrapment,hypothermia,route_trapped_or_entrapment,prot_entrapment,,high,,yes,自然，可保留；含pending_source_confirmation标签，pilot可用，gold前需确认来源,trapped_or_entrapment,,hypothermia
multi_0155,我在废墟里出不去，现在发抖,我在废墟里出不去，现在发抖,multi_intent,,trapped_or_entrapment|hypothermia,,,trapped_or_entrapment,hypothermia,route_trapped_or_entrapment,prot_entrapment,,high,,yes,自然，可保留；含pending_source_confirmation标签，pilot可用，gold前需确认来源,trapped_or_entrapment,,hypothermia
multi_0156,我在废墟里出不去，现在快冻僵了,我在废墟里出不去，现在快冻僵了,multi_intent,,trapped_or_entrapment|hypothermia,,,trapped_or_entrapment,hypothermia,route_trapped_or_entrapment,prot_entrapment,,high,,yes,自然，可保留；含pending_source_confirmation标签，pilot可用，gold前需确认来源,trapped_or_entrapment,,hypothermia
multi_0157,我在废墟里被困住，现在好冷,我在废墟里被困住，现在好冷,multi_intent,,trapped_or_entrapment|hypothermia,,,trapped_or_entrapment,hypothermia,route_trapped_or_entrapment,prot_entrapment,,high,,yes,自然，可保留；含pending_source_confirmation标签，pilot可用，gold前需确认来源,trapped_or_entrapment,,hypothermia
multi_0158,我在废墟里被困住，现在发抖,我在废墟里被困住，现在发抖,multi_intent,,trapped_or_entrapment|hypothermia,,,trapped_or_entrapment,hypothermia,route_trapped_or_entrapment,prot_entrapment,,high,,yes,自然，可保留；含pending_source_confirmation标签，pilot可用，gold前需确认来源,trapped_or_entrapment,,hypothermia
multi_0159,我在废墟里被困住，现在快冻僵了,我在废墟里被困住，现在快冻僵了,multi_intent,,trapped_or_entrapment|hypothermia,,,trapped_or_entrapment,hypothermia,route_trapped_or_entrapment,prot_entrapment,,high,,yes,自然，可保留；含pending_source_confirmation标签，pilot可用，gold前需确认来源,trapped_or_entrapment,,hypothermia
multi_0160,门打不开，我冷得发抖,门打不开，我冷得发抖,multi_intent,,trapped_or_entrapment|hypothermia,,,trapped_or_entrapment,hypothermia,route_trapped_or_entrapment,prot_entrapment,,high,,yes,自然，可保留；含pending_source_confirmation标签，pilot可用，gold前需确认来源,trapped_or_entrapment,,hypothermia
multi_0161,门打不开，我浑身很冷,门打不开，我浑身很冷,multi_intent,,trapped_or_entrapment|hypothermia,,,trapped_or_entrapment,hypothermia,route_trapped_or_entrapment,prot_entrapment,,high,,yes,自然，可保留；含pending_source_confirmation标签，pilot可用，gold前需确认来源,trapped_or_entrapment,,hypothermia
multi_0162,门打不开，我衣服湿透了,门打不开，我衣服湿透了,multi_intent,,trapped_or_entrapment|hypothermia,,,trapped_or_entrapment,hypothermia,route_trapped_or_entrapment,prot_entrapment,,high,,yes,自然，可保留；含pending_source_confirmation标签，pilot可用，gold前需确认来源,trapped_or_entrapment,,hypothermia
multi_0163,我头晕想吐，还一直流血,我头晕想吐，还一直流血,multi_intent,,altered_consciousness_or_head_injury|severe_bleeding_or_shock,,,severe_bleeding_or_shock,altered_consciousness_or_head_injury,route_bleeding_control,prot_bleeding_control,,high,,yes,自然，可保留,severe_bleeding_or_shock,,altered_consciousness_or_head_injury
multi_0164,我头晕想吐，还出了很多血,我头晕想吐，还出了很多血,multi_intent,,altered_consciousness_or_head_injury|severe_bleeding_or_shock,,,severe_bleeding_or_shock,altered_consciousness_or_head_injury,route_bleeding_control,prot_bleeding_control,,high,,yes,自然，可保留,severe_bleeding_or_shock,,altered_consciousness_or_head_injury
multi_0165,我头晕想吐，还血止不住,我头晕想吐，还血止不住,multi_intent,,altered_consciousness_or_head_injury|severe_bleeding_or_shock,,,severe_bleeding_or_shock,altered_consciousness_or_head_injury,route_bleeding_control,prot_bleeding_control,,high,,yes,自然，可保留,severe_bleeding_or_shock,,altered_consciousness_or_head_injury
multi_0166,我撞到头了，还一直流血,我撞到头了，还一直流血,multi_intent,,altered_consciousness_or_head_injury|severe_bleeding_or_shock,,,severe_bleeding_or_shock,altered_consciousness_or_head_injury,route_bleeding_control,prot_bleeding_control,,high,,yes,自然，可保留,severe_bleeding_or_shock,,altered_consciousness_or_head_injury
multi_0167,我撞到头了，还出了很多血,我撞到头了，还出了很多血,multi_intent,,altered_consciousness_or_head_injury|severe_bleeding_or_shock,,,severe_bleeding_or_shock,altered_consciousness_or_head_injury,route_bleeding_control,prot_bleeding_control,,high,,yes,自然，可保留,severe_bleeding_or_shock,,altered_consciousness_or_head_injury
multi_0168,我撞到头了，还血止不住,我撞到头了，还血止不住,multi_intent,,altered_consciousness_or_head_injury|severe_bleeding_or_shock,,,severe_bleeding_or_shock,altered_consciousness_or_head_injury,route_bleeding_control,prot_bleeding_control,,high,,yes,自然，可保留,severe_bleeding_or_shock,,altered_consciousness_or_head_injury
multi_0169,我眼前发黑，还一直流血,我眼前发黑，还一直流血,multi_intent,,altered_consciousness_or_head_injury|severe_bleeding_or_shock,,,severe_bleeding_or_shock,altered_consciousness_or_head_injury,route_bleeding_control,prot_bleeding_control,,high,,yes,自然，可保留,severe_bleeding_or_shock,,altered_consciousness_or_head_injury
multi_0170,我眼前发黑，还出了很多血,我眼前发黑，还出了很多血,multi_intent,,altered_consciousness_or_head_injury|severe_bleeding_or_shock,,,severe_bleeding_or_shock,altered_consciousness_or_head_injury,route_bleeding_control,prot_bleeding_control,,high,,yes,自然，可保留,severe_bleeding_or_shock,,altered_consciousness_or_head_injury
multi_0171,我眼前发黑，还血止不住,我眼前发黑，还血止不住,multi_intent,,altered_consciousness_or_head_injury|severe_bleeding_or_shock,,,severe_bleeding_or_shock,altered_consciousness_or_head_injury,route_bleeding_control,prot_bleeding_control,,high,,yes,自然，可保留,severe_bleeding_or_shock,,altered_consciousness_or_head_injury
multi_0172,血止不住，还头很晕,血止不住，还头很晕,multi_intent,,severe_bleeding_or_shock|altered_consciousness_or_head_injury,,,severe_bleeding_or_shock,altered_consciousness_or_head_injury,route_bleeding_control,prot_bleeding_control,,high,,yes,自然，可保留,severe_bleeding_or_shock,,altered_consciousness_or_head_injury
multi_0173,血止不住，还撞到头了,血止不住，还撞到头了,multi_intent,,severe_bleeding_or_shock|altered_consciousness_or_head_injury,,,severe_bleeding_or_shock,altered_consciousness_or_head_injury,route_bleeding_control,prot_bleeding_control,,high,,yes,自然，可保留,severe_bleeding_or_shock,,altered_consciousness_or_head_injury
multi_0174,血止不住，还撞到头后有点想吐,血止不住，还撞到头后有点想吐,multi_intent,,severe_bleeding_or_shock|altered_consciousness_or_head_injury,,,severe_bleeding_or_shock,altered_consciousness_or_head_injury,route_bleeding_control,prot_bleeding_control,,high,,yes,自然，可保留,severe_bleeding_or_shock,,altered_consciousness_or_head_injury
multi_0175,流了很多血，还头很晕,流了很多血，还头很晕,multi_intent,,severe_bleeding_or_shock|altered_consciousness_or_head_injury,,,severe_bleeding_or_shock,altered_consciousness_or_head_injury,route_bleeding_control,prot_bleeding_control,,high,,yes,自然，可保留,severe_bleeding_or_shock,,altered_consciousness_or_head_injury
multi_0176,流了很多血，还撞到头了,流了很多血，还撞到头了,multi_intent,,severe_bleeding_or_shock|altered_consciousness_or_head_injury,,,severe_bleeding_or_shock,altered_consciousness_or_head_injury,route_bleeding_control,prot_bleeding_control,,high,,yes,自然，可保留,severe_bleeding_or_shock,,altered_consciousness_or_head_injury
multi_0177,流了很多血，还撞到头后有点想吐,流了很多血，还撞到头后有点想吐,multi_intent,,severe_bleeding_or_shock|altered_consciousness_or_head_injury,,,severe_bleeding_or_shock,altered_consciousness_or_head_injury,route_bleeding_control,prot_bleeding_control,,high,,yes,自然，可保留,severe_bleeding_or_shock,,altered_consciousness_or_head_injury
multi_0178,伤口冒血，还头很晕,伤口冒血，还头很晕,multi_intent,,severe_bleeding_or_shock|altered_consciousness_or_head_injury,,,severe_bleeding_or_shock,altered_consciousness_or_head_injury,route_bleeding_control,prot_bleeding_control,,high,,yes,自然，可保留,severe_bleeding_or_shock,,altered_consciousness_or_head_injury
multi_0179,伤口冒血，还撞到头了,伤口冒血，还撞到头了,multi_intent,,severe_bleeding_or_shock|altered_consciousness_or_head_injury,,,severe_bleeding_or_shock,altered_consciousness_or_head_injury,route_bleeding_control,prot_bleeding_control,,high,,yes,自然，可保留,severe_bleeding_or_shock,,altered_consciousness_or_head_injury
multi_0180,伤口冒血，还撞到头后有点想吐,伤口冒血，还撞到头后有点想吐,multi_intent,,severe_bleeding_or_shock|altered_consciousness_or_head_injury,,,severe_bleeding_or_shock,altered_consciousness_or_head_injury,route_bleeding_control,prot_bleeding_control,,high,,yes,自然，可保留,severe_bleeding_or_shock,,altered_consciousness_or_head_injury
multi_0181,头被砸了，手上一直流血,头被砸了，手上一直流血,multi_intent,,altered_consciousness_or_head_injury|severe_bleeding_or_shock,,,severe_bleeding_or_shock,altered_consciousness_or_head_injury,route_bleeding_control,prot_bleeding_control,,high,,yes,自然，可保留,severe_bleeding_or_shock,,altered_consciousness_or_head_injury
multi_0182,头被砸了，手上出血很多,头被砸了，手上出血很多,multi_intent,,altered_consciousness_or_head_injury|severe_bleeding_or_shock,,,severe_bleeding_or_shock,altered_consciousness_or_head_injury,route_bleeding_control,prot_bleeding_control,,high,,yes,自然，可保留,severe_bleeding_or_shock,,altered_consciousness_or_head_injury
multi_0183,头被砸了，手上血止不住,头被砸了，手上血止不住,multi_intent,,altered_consciousness_or_head_injury|severe_bleeding_or_shock,,,severe_bleeding_or_shock,altered_consciousness_or_head_injury,route_bleeding_control,prot_bleeding_control,,high,,yes,自然，可保留,severe_bleeding_or_shock,,altered_consciousness_or_head_injury
multi_0184,头被砸了，腿上一直流血,头被砸了，腿上一直流血,multi_intent,,altered_consciousness_or_head_injury|severe_bleeding_or_shock,,,severe_bleeding_or_shock,altered_consciousness_or_head_injury,route_bleeding_control,prot_bleeding_control,,high,,yes,自然，可保留,severe_bleeding_or_shock,,altered_consciousness_or_head_injury
multi_0185,头被砸了，腿上出血很多,头被砸了，腿上出血很多,multi_intent,,altered_consciousness_or_head_injury|severe_bleeding_or_shock,,,severe_bleeding_or_shock,altered_consciousness_or_head_injury,route_bleeding_control,prot_bleeding_control,,high,,yes,自然，可保留,severe_bleeding_or_shock,,altered_consciousness_or_head_injury
multi_0186,头被砸了，腿上血止不住,头被砸了，腿上血止不住,multi_intent,,altered_consciousness_or_head_injury|severe_bleeding_or_shock,,,severe_bleeding_or_shock,altered_consciousness_or_head_injury,route_bleeding_control,prot_bleeding_control,,high,,yes,自然，可保留,severe_bleeding_or_shock,,altered_consciousness_or_head_injury
multi_0187,头被砸了，胳膊上一直流血,头被砸了，胳膊上一直流血,multi_intent,,altered_consciousness_or_head_injury|severe_bleeding_or_shock,,,severe_bleeding_or_shock,altered_consciousness_or_head_injury,route_bleeding_control,prot_bleeding_control,,high,,yes,自然，可保留,severe_bleeding_or_shock,,altered_consciousness_or_head_injury
multi_0188,头被砸了，胳膊上出血很多,头被砸了，胳膊上出血很多,multi_intent,,altered_consciousness_or_head_injury|severe_bleeding_or_shock,,,severe_bleeding_or_shock,altered_consciousness_or_head_injury,route_bleeding_control,prot_bleeding_control,,high,,yes,自然，可保留,severe_bleeding_or_shock,,altered_consciousness_or_head_injury
multi_0189,头被砸了，胳膊上血止不住,头被砸了，胳膊上血止不住,multi_intent,,altered_consciousness_or_head_injury|severe_bleeding_or_shock,,,severe_bleeding_or_shock,altered_consciousness_or_head_injury,route_bleeding_control,prot_bleeding_control,,high,,yes,自然，可保留,severe_bleeding_or_shock,,altered_consciousness_or_head_injury
multi_0190,我记不清刚才发生什么，伤口还流血,我记不清刚才发生什么，伤口还流血,multi_intent,,altered_consciousness_or_head_injury|severe_bleeding_or_shock,,,severe_bleeding_or_shock,altered_consciousness_or_head_injury,route_bleeding_control,prot_bleeding_control,,high,,yes,自然，可保留,severe_bleeding_or_shock,,altered_consciousness_or_head_injury
multi_0191,我记不清刚才发生什么，伤口还冒血,我记不清刚才发生什么，伤口还冒血,multi_intent,,altered_consciousness_or_head_injury|severe_bleeding_or_shock,,,severe_bleeding_or_shock,altered_consciousness_or_head_injury,route_bleeding_control,prot_bleeding_control,,high,,yes,自然，可保留,severe_bleeding_or_shock,,altered_consciousness_or_head_injury
multi_0192,我记不清刚才发生什么，伤口还血止不住,我记不清刚才发生什么，伤口还血止不住,multi_intent,,altered_consciousness_or_head_injury|severe_bleeding_or_shock,,,severe_bleeding_or_shock,altered_consciousness_or_head_injury,route_bleeding_control,prot_bleeding_control,,high,,yes,自然，可保留,severe_bleeding_or_shock,,altered_consciousness_or_head_injury
multi_0193,又有余震，我还被困着,又有余震，我还被困着,multi_intent,,aftershock_or_collapse_hazard|trapped_or_entrapment,,,trapped_or_entrapment,aftershock_or_collapse_hazard,route_trapped_or_entrapment,prot_entrapment,,high,,yes,自然，可保留；含pending_source_confirmation标签，pilot可用，gold前需确认来源,trapped_or_entrapment,,aftershock_or_collapse_hazard
multi_0194,又有余震，我还出不去,又有余震，我还出不去,multi_intent,,aftershock_or_collapse_hazard|trapped_or_entrapment,,,trapped_or_entrapment,aftershock_or_collapse_hazard,route_trapped_or_entrapment,prot_entrapment,,high,,yes,自然，可保留；含pending_source_confirmation标签，pilot可用，gold前需确认来源,trapped_or_entrapment,,aftershock_or_collapse_hazard
multi_0195,又有余震，我还卡在里面,又有余震，我还卡在里面,multi_intent,,aftershock_or_collapse_hazard|trapped_or_entrapment,,,trapped_or_entrapment,aftershock_or_collapse_hazard,route_trapped_or_entrapment,prot_entrapment,,high,,yes,自然，可保留；含pending_source_confirmation标签，pilot可用，gold前需确认来源,trapped_or_entrapment,,aftershock_or_collapse_hazard
multi_0196,墙还在裂，我还被困着,墙还在裂，我还被困着,multi_intent,,aftershock_or_collapse_hazard|trapped_or_entrapment,,,trapped_or_entrapment,aftershock_or_collapse_hazard,route_trapped_or_entrapment,prot_entrapment,,high,,yes,自然，可保留；含pending_source_confirmation标签，pilot可用，gold前需确认来源,trapped_or_entrapment,,aftershock_or_collapse_hazard
multi_0197,墙还在裂，我还出不去,墙还在裂，我还出不去,multi_intent,,aftershock_or_collapse_hazard|trapped_or_entrapment,,,trapped_or_entrapment,aftershock_or_collapse_hazard,route_trapped_or_entrapment,prot_entrapment,,high,,yes,自然，可保留；含pending_source_confirmation标签，pilot可用，gold前需确认来源,trapped_or_entrapment,,aftershock_or_collapse_hazard
multi_0198,墙还在裂，我还卡在里面,墙还在裂，我还卡在里面,multi_intent,,aftershock_or_collapse_hazard|trapped_or_entrapment,,,trapped_or_entrapment,aftershock_or_collapse_hazard,route_trapped_or_entrapment,prot_entrapment,,high,,yes,自然，可保留；含pending_source_confirmation标签，pilot可用，gold前需确认来源,trapped_or_entrapment,,aftershock_or_collapse_hazard
multi_0199,上面在掉东西，我还被困着,上面在掉东西，我还被困着,multi_intent,,aftershock_or_collapse_hazard|trapped_or_entrapment,,,trapped_or_entrapment,aftershock_or_collapse_hazard,route_trapped_or_entrapment,prot_entrapment,,high,,yes,自然，可保留；含pending_source_confirmation标签，pilot可用，gold前需确认来源,trapped_or_entrapment,,aftershock_or_collapse_hazard
multi_0200,上面在掉东西，我还出不去,上面在掉东西，我还出不去,multi_intent,,aftershock_or_collapse_hazard|trapped_or_entrapment,,,trapped_or_entrapment,aftershock_or_collapse_hazard,route_trapped_or_entrapment,prot_entrapment,,high,,yes,自然，可保留；含pending_source_confirmation标签，pilot可用，gold前需确认来源,trapped_or_entrapment,,aftershock_or_collapse_hazard
multi_0201,上面在掉东西，我还卡在里面,上面在掉东西，我还卡在里面,multi_intent,,aftershock_or_collapse_hazard|trapped_or_entrapment,,,trapped_or_entrapment,aftershock_or_collapse_hazard,route_trapped_or_entrapment,prot_entrapment,,high,,yes,自然，可保留；含pending_source_confirmation标签，pilot可用，gold前需确认来源,trapped_or_entrapment,,aftershock_or_collapse_hazard
multi_0202,我出不去，外面好像还在晃,我出不去，外面好像还在晃,multi_intent,,trapped_or_entrapment|aftershock_or_collapse_hazard,,,trapped_or_entrapment,aftershock_or_collapse_hazard,route_trapped_or_entrapment,prot_entrapment,,high,,yes,自然，可保留；含pending_source_confirmation标签，pilot可用，gold前需确认来源,trapped_or_entrapment,,aftershock_or_collapse_hazard
multi_0203,我出不去，外面好像又震了,我出不去，外面好像又震了,multi_intent,,trapped_or_entrapment|aftershock_or_collapse_hazard,,,trapped_or_entrapment,aftershock_or_collapse_hazard,route_trapped_or_entrapment,prot_entrapment,,high,,yes,自然，可保留；含pending_source_confirmation标签，pilot可用，gold前需确认来源,trapped_or_entrapment,,aftershock_or_collapse_hazard
multi_0204,我出不去，外面好像有东西掉下来,我出不去，外面好像有东西掉下来,multi_intent,,trapped_or_entrapment|aftershock_or_collapse_hazard,,,trapped_or_entrapment,aftershock_or_collapse_hazard,route_trapped_or_entrapment,prot_entrapment,,high,,yes,自然，可保留；含pending_source_confirmation标签，pilot可用，gold前需确认来源,trapped_or_entrapment,,aftershock_or_collapse_hazard
multi_0205,我被困住，外面好像还在晃,我被困住，外面好像还在晃,multi_intent,,trapped_or_entrapment|aftershock_or_collapse_hazard,,,trapped_or_entrapment,aftershock_or_collapse_hazard,route_trapped_or_entrapment,prot_entrapment,,high,,yes,自然，可保留；含pending_source_confirmation标签，pilot可用，gold前需确认来源,trapped_or_entrapment,,aftershock_or_collapse_hazard
multi_0206,我被困住，外面好像又震了,我被困住，外面好像又震了,multi_intent,,trapped_or_entrapment|aftershock_or_collapse_hazard,,,trapped_or_entrapment,aftershock_or_collapse_hazard,route_trapped_or_entrapment,prot_entrapment,,high,,yes,自然，可保留；含pending_source_confirmation标签，pilot可用，gold前需确认来源,trapped_or_entrapment,,aftershock_or_collapse_hazard
multi_0207,我被困住，外面好像有东西掉下来,我被困住，外面好像有东西掉下来,multi_intent,,trapped_or_entrapment|aftershock_or_collapse_hazard,,,trapped_or_entrapment,aftershock_or_collapse_hazard,route_trapped_or_entrapment,prot_entrapment,,high,,yes,自然，可保留；含pending_source_confirmation标签，pilot可用，gold前需确认来源,trapped_or_entrapment,,aftershock_or_collapse_hazard
multi_0208,我门打不开，外面好像还在晃,我门打不开，外面好像还在晃,multi_intent,,trapped_or_entrapment|aftershock_or_collapse_hazard,,,trapped_or_entrapment,aftershock_or_collapse_hazard,route_trapped_or_entrapment,prot_entrapment,,high,,yes,自然，可保留；含pending_source_confirmation标签，pilot可用，gold前需确认来源,trapped_or_entrapment,,aftershock_or_collapse_hazard
multi_0209,我门打不开，外面好像又震了,我门打不开，外面好像又震了,multi_intent,,trapped_or_entrapment|aftershock_or_collapse_hazard,,,trapped_or_entrapment,aftershock_or_collapse_hazard,route_trapped_or_entrapment,prot_entrapment,,high,,yes,自然，可保留；含pending_source_confirmation标签，pilot可用，gold前需确认来源,trapped_or_entrapment,,aftershock_or_collapse_hazard
multi_0210,我门打不开，外面好像有东西掉下来,我门打不开，外面好像有东西掉下来,multi_intent,,trapped_or_entrapment|aftershock_or_collapse_hazard,,,trapped_or_entrapment,aftershock_or_collapse_hazard,route_trapped_or_entrapment,prot_entrapment,,high,,yes,自然，可保留；含pending_source_confirmation标签，pilot可用，gold前需确认来源,trapped_or_entrapment,,aftershock_or_collapse_hazard
multi_0211,又有余震，我腿很疼,又有余震，我腿很疼,multi_intent,,aftershock_or_collapse_hazard|trauma_or_fracture,,,aftershock_or_collapse_hazard,trauma_or_fracture,route_aftershock_or_collapse_hazard,prot_aftershock_collapse,,high,,yes,自然，可保留；含pending_source_confirmation标签，pilot可用，gold前需确认来源,aftershock_or_collapse_hazard,,trauma_or_fracture
multi_0212,又有余震，我胳膊肿了,又有余震，我胳膊肿了,multi_intent,,aftershock_or_collapse_hazard|trauma_or_fracture,,,aftershock_or_collapse_hazard,trauma_or_fracture,route_aftershock_or_collapse_hazard,prot_aftershock_collapse,,high,,yes,自然，可保留；含pending_source_confirmation标签，pilot可用，gold前需确认来源,aftershock_or_collapse_hazard,,trauma_or_fracture
multi_0213,又有余震，我脚扭伤了,又有余震，我脚扭伤了,multi_intent,,aftershock_or_collapse_hazard|trauma_or_fracture,,,aftershock_or_collapse_hazard,trauma_or_fracture,route_aftershock_or_collapse_hazard,prot_aftershock_collapse,,high,,yes,自然，可保留；含pending_source_confirmation标签，pilot可用，gold前需确认来源,aftershock_or_collapse_hazard,,trauma_or_fracture
multi_0214,墙还在裂，我腿很疼,墙还在裂，我腿很疼,multi_intent,,aftershock_or_collapse_hazard|trauma_or_fracture,,,aftershock_or_collapse_hazard,trauma_or_fracture,route_aftershock_or_collapse_hazard,prot_aftershock_collapse,,high,,yes,自然，可保留；含pending_source_confirmation标签，pilot可用，gold前需确认来源,aftershock_or_collapse_hazard,,trauma_or_fracture
multi_0215,墙还在裂，我胳膊肿了,墙还在裂，我胳膊肿了,multi_intent,,aftershock_or_collapse_hazard|trauma_or_fracture,,,aftershock_or_collapse_hazard,trauma_or_fracture,route_aftershock_or_collapse_hazard,prot_aftershock_collapse,,high,,yes,自然，可保留；含pending_source_confirmation标签，pilot可用，gold前需确认来源,aftershock_or_collapse_hazard,,trauma_or_fracture
multi_0216,墙还在裂，我脚扭伤了,墙还在裂，我脚扭伤了,multi_intent,,aftershock_or_collapse_hazard|trauma_or_fracture,,,aftershock_or_collapse_hazard,trauma_or_fracture,route_aftershock_or_collapse_hazard,prot_aftershock_collapse,,high,,yes,自然，可保留；含pending_source_confirmation标签，pilot可用，gold前需确认来源,aftershock_or_collapse_hazard,,trauma_or_fracture
multi_0217,上面还在掉东西，我腿很疼,上面还在掉东西，我腿很疼,multi_intent,,aftershock_or_collapse_hazard|trauma_or_fracture,,,aftershock_or_collapse_hazard,trauma_or_fracture,route_aftershock_or_collapse_hazard,prot_aftershock_collapse,,high,,yes,自然，可保留；含pending_source_confirmation标签，pilot可用，gold前需确认来源,aftershock_or_collapse_hazard,,trauma_or_fracture
multi_0218,上面还在掉东西，我胳膊肿了,上面还在掉东西，我胳膊肿了,multi_intent,,aftershock_or_collapse_hazard|trauma_or_fracture,,,aftershock_or_collapse_hazard,trauma_or_fracture,route_aftershock_or_collapse_hazard,prot_aftershock_collapse,,high,,yes,自然，可保留；含pending_source_confirmation标签，pilot可用，gold前需确认来源,aftershock_or_collapse_hazard,,trauma_or_fracture
multi_0219,上面还在掉东西，我脚扭伤了,上面还在掉东西，我脚扭伤了,multi_intent,,aftershock_or_collapse_hazard|trauma_or_fracture,,,aftershock_or_collapse_hazard,trauma_or_fracture,route_aftershock_or_collapse_hazard,prot_aftershock_collapse,,high,,yes,自然，可保留；含pending_source_confirmation标签，pilot可用，gold前需确认来源,aftershock_or_collapse_hazard,,trauma_or_fracture
multi_0220,楼还在晃，灰尘很大，我喘不上气,楼还在晃，灰尘很大，我喘不上气,multi_intent,,aftershock_or_collapse_hazard|respiratory_distress,,,respiratory_distress,aftershock_or_collapse_hazard,route_respiratory_distress,prot_respiratory_distress,,critical,,yes,自然，可保留；含pending_source_confirmation标签，pilot可用，gold前需确认来源,respiratory_distress,,aftershock_or_collapse_hazard
multi_0221,楼还在晃，灰尘很大，我呼吸困难,楼还在晃，灰尘很大，我呼吸困难,multi_intent,,aftershock_or_collapse_hazard|respiratory_distress,,,respiratory_distress,aftershock_or_collapse_hazard,route_respiratory_distress,prot_respiratory_distress,,critical,,yes,自然，可保留；含pending_source_confirmation标签，pilot可用，gold前需确认来源,respiratory_distress,,aftershock_or_collapse_hazard
multi_0222,楼还在晃，灰尘很大，我吸不上气,楼还在晃，灰尘很大，我吸不上气,multi_intent,,aftershock_or_collapse_hazard|respiratory_distress,,,respiratory_distress,aftershock_or_collapse_hazard,route_respiratory_distress,prot_respiratory_distress,,critical,,yes,自然，可保留；含pending_source_confirmation标签，pilot可用，gold前需确认来源,respiratory_distress,,aftershock_or_collapse_hazard
multi_0223,墙在裂，灰尘很大，我喘不上气,墙在裂，灰尘很大，我喘不上气,multi_intent,,aftershock_or_collapse_hazard|respiratory_distress,,,respiratory_distress,aftershock_or_collapse_hazard,route_respiratory_distress,prot_respiratory_distress,,critical,,yes,自然，可保留；含pending_source_confirmation标签，pilot可用，gold前需确认来源,respiratory_distress,,aftershock_or_collapse_hazard
multi_0224,墙在裂，灰尘很大，我呼吸困难,墙在裂，灰尘很大，我呼吸困难,multi_intent,,aftershock_or_collapse_hazard|respiratory_distress,,,respiratory_distress,aftershock_or_collapse_hazard,route_respiratory_distress,prot_respiratory_distress,,critical,,yes,自然，可保留；含pending_source_confirmation标签，pilot可用，gold前需确认来源,respiratory_distress,,aftershock_or_collapse_hazard
multi_0225,墙在裂，灰尘很大，我吸不上气,墙在裂，灰尘很大，我吸不上气,multi_intent,,aftershock_or_collapse_hazard|respiratory_distress,,,respiratory_distress,aftershock_or_collapse_hazard,route_respiratory_distress,prot_respiratory_distress,,critical,,yes,自然，可保留；含pending_source_confirmation标签，pilot可用，gold前需确认来源,respiratory_distress,,aftershock_or_collapse_hazard
multi_0226,上面掉东西，灰尘很大，我喘不上气,上面掉东西，灰尘很大，我喘不上气,multi_intent,,aftershock_or_collapse_hazard|respiratory_distress,,,respiratory_distress,aftershock_or_collapse_hazard,route_respiratory_distress,prot_respiratory_distress,,critical,,yes,自然，可保留；含pending_source_confirmation标签，pilot可用，gold前需确认来源,respiratory_distress,,aftershock_or_collapse_hazard
multi_0227,上面掉东西，灰尘很大，我呼吸困难,上面掉东西，灰尘很大，我呼吸困难,multi_intent,,aftershock_or_collapse_hazard|respiratory_distress,,,respiratory_distress,aftershock_or_collapse_hazard,route_respiratory_distress,prot_respiratory_distress,,critical,,yes,自然，可保留；含pending_source_confirmation标签，pilot可用，gold前需确认来源,respiratory_distress,,aftershock_or_collapse_hazard
multi_0228,上面掉东西，灰尘很大，我吸不上气,上面掉东西，灰尘很大，我吸不上气,multi_intent,,aftershock_or_collapse_hazard|respiratory_distress,,,respiratory_distress,aftershock_or_collapse_hazard,route_respiratory_distress,prot_respiratory_distress,,critical,,yes,自然，可保留；含pending_source_confirmation标签，pilot可用，gold前需确认来源,respiratory_distress,,aftershock_or_collapse_hazard
multi_0229,我很渴，手机也快没电,我很渴，手机也快没电,multi_intent,,dehydration_or_resource_deprivation,,low_battery,dehydration_or_resource_deprivation,,route_dehydration_or_resource_deprivation,prot_resource_deprivation,,medium,,yes,自然，可保留；含pending_source_confirmation标签，pilot可用，gold前需确认来源,dehydration_or_resource_deprivation,,
multi_0230,我很渴，手机也电量很低,我很渴，手机也电量很低,multi_intent,,dehydration_or_resource_deprivation,,low_battery,dehydration_or_resource_deprivation,,route_dehydration_or_resource_deprivation,prot_resource_deprivation,,medium,,yes,自然，可保留；含pending_source_confirmation标签，pilot可用，gold前需确认来源,dehydration_or_resource_deprivation,,
multi_0231,我很渴，手机也快关机,我很渴，手机也快关机,multi_intent,,dehydration_or_resource_deprivation,,low_battery,dehydration_or_resource_deprivation,,route_dehydration_or_resource_deprivation,prot_resource_deprivation,,medium,,yes,自然，可保留；含pending_source_confirmation标签，pilot可用，gold前需确认来源,dehydration_or_resource_deprivation,,
multi_0232,我没水，手机也快没电,我没水，手机也快没电,multi_intent,,dehydration_or_resource_deprivation,,low_battery,dehydration_or_resource_deprivation,,route_dehydration_or_resource_deprivation,prot_resource_deprivation,,medium,,yes,自然，可保留；含pending_source_confirmation标签，pilot可用，gold前需确认来源,dehydration_or_resource_deprivation,,
multi_0233,我没水，手机也电量很低,我没水，手机也电量很低,multi_intent,,dehydration_or_resource_deprivation,,low_battery,dehydration_or_resource_deprivation,,route_dehydration_or_resource_deprivation,prot_resource_deprivation,,medium,,yes,自然，可保留；含pending_source_confirmation标签，pilot可用，gold前需确认来源,dehydration_or_resource_deprivation,,
multi_0234,我没水，手机也快关机,我没水，手机也快关机,multi_intent,,dehydration_or_resource_deprivation,,low_battery,dehydration_or_resource_deprivation,,route_dehydration_or_resource_deprivation,prot_resource_deprivation,,medium,,yes,自然，可保留；含pending_source_confirmation标签，pilot可用，gold前需确认来源,dehydration_or_resource_deprivation,,
multi_0235,我没吃的，手机也快没电,我没吃的，手机也快没电,multi_intent,,dehydration_or_resource_deprivation,,low_battery,dehydration_or_resource_deprivation,,route_dehydration_or_resource_deprivation,prot_resource_deprivation,,medium,,yes,自然，可保留；含pending_source_confirmation标签，pilot可用，gold前需确认来源,dehydration_or_resource_deprivation,,
multi_0236,我没吃的，手机也电量很低,我没吃的，手机也电量很低,multi_intent,,dehydration_or_resource_deprivation,,low_battery,dehydration_or_resource_deprivation,,route_dehydration_or_resource_deprivation,prot_resource_deprivation,,medium,,yes,自然，可保留；含pending_source_confirmation标签，pilot可用，gold前需确认来源,dehydration_or_resource_deprivation,,
multi_0237,我没吃的，手机也快关机,我没吃的，手机也快关机,multi_intent,,dehydration_or_resource_deprivation,,low_battery,dehydration_or_resource_deprivation,,route_dehydration_or_resource_deprivation,prot_resource_deprivation,,medium,,yes,自然，可保留；含pending_source_confirmation标签，pilot可用，gold前需确认来源,dehydration_or_resource_deprivation,,
multi_0238,我被困很久，已经很渴了,我被困很久，已经很渴了,multi_intent,,trapped_or_entrapment|dehydration_or_resource_deprivation,,,trapped_or_entrapment,dehydration_or_resource_deprivation,route_trapped_or_entrapment,prot_entrapment,,high,,yes,自然，可保留；含pending_source_confirmation标签，pilot可用，gold前需确认来源,trapped_or_entrapment,,dehydration_or_resource_deprivation
multi_0239,我被困很久，已经没水了,我被困很久，已经没水了,multi_intent,,trapped_or_entrapment|dehydration_or_resource_deprivation,,,trapped_or_entrapment,dehydration_or_resource_deprivation,route_trapped_or_entrapment,prot_entrapment,,high,,yes,自然，可保留；含pending_source_confirmation标签，pilot可用，gold前需确认来源,trapped_or_entrapment,,dehydration_or_resource_deprivation
multi_0240,我被困很久，已经没吃的了,我被困很久，已经没吃的了,multi_intent,,trapped_or_entrapment|dehydration_or_resource_deprivation,,,trapped_or_entrapment,dehydration_or_resource_deprivation,route_trapped_or_entrapment,prot_entrapment,,high,,yes,自然，可保留；含pending_source_confirmation标签，pilot可用，gold前需确认来源,trapped_or_entrapment,,dehydration_or_resource_deprivation
multi_0241,我出不去，已经很渴了,我出不去，已经很渴了,multi_intent,,trapped_or_entrapment|dehydration_or_resource_deprivation,,,trapped_or_entrapment,dehydration_or_resource_deprivation,route_trapped_or_entrapment,prot_entrapment,,high,,yes,自然，可保留；含pending_source_confirmation标签，pilot可用，gold前需确认来源,trapped_or_entrapment,,dehydration_or_resource_deprivation
multi_0242,我出不去，已经没水了,我出不去，已经没水了,multi_intent,,trapped_or_entrapment|dehydration_or_resource_deprivation,,,trapped_or_entrapment,dehydration_or_resource_deprivation,route_trapped_or_entrapment,prot_entrapment,,high,,yes,自然，可保留；含pending_source_confirmation标签，pilot可用，gold前需确认来源,trapped_or_entrapment,,dehydration_or_resource_deprivation
multi_0243,我出不去，已经没吃的了,我出不去，已经没吃的了,multi_intent,,trapped_or_entrapment|dehydration_or_resource_deprivation,,,trapped_or_entrapment,dehydration_or_resource_deprivation,route_trapped_or_entrapment,prot_entrapment,,high,,yes,自然，可保留；含pending_source_confirmation标签，pilot可用，gold前需确认来源,trapped_or_entrapment,,dehydration_or_resource_deprivation
multi_0244,我卡在里面，已经很渴了,我卡在里面，已经很渴了,multi_intent,,trapped_or_entrapment|dehydration_or_resource_deprivation,,,trapped_or_entrapment,dehydration_or_resource_deprivation,route_trapped_or_entrapment,prot_entrapment,,high,,yes,自然，可保留；含pending_source_confirmation标签，pilot可用，gold前需确认来源,trapped_or_entrapment,,dehydration_or_resource_deprivation
multi_0245,我卡在里面，已经没水了,我卡在里面，已经没水了,multi_intent,,trapped_or_entrapment|dehydration_or_resource_deprivation,,,trapped_or_entrapment,dehydration_or_resource_deprivation,route_trapped_or_entrapment,prot_entrapment,,high,,yes,自然，可保留；含pending_source_confirmation标签，pilot可用，gold前需确认来源,trapped_or_entrapment,,dehydration_or_resource_deprivation
multi_0246,我卡在里面，已经没吃的了,我卡在里面，已经没吃的了,multi_intent,,trapped_or_entrapment|dehydration_or_resource_deprivation,,,trapped_or_entrapment,dehydration_or_resource_deprivation,route_trapped_or_entrapment,prot_entrapment,,high,,yes,自然，可保留；含pending_source_confirmation标签，pilot可用，gold前需确认来源,trapped_or_entrapment,,dehydration_or_resource_deprivation
multi_0247,我很渴，身上还很冷,我很渴，身上还很冷,multi_intent,,dehydration_or_resource_deprivation|hypothermia,,,hypothermia,dehydration_or_resource_deprivation,route_hypothermia,prot_hypothermia,,high,,yes,自然，可保留；含pending_source_confirmation标签，pilot可用，gold前需确认来源,hypothermia,,dehydration_or_resource_deprivation
multi_0248,我很渴，身上还湿透了,我很渴，身上还湿透了,multi_intent,,dehydration_or_resource_deprivation|hypothermia,,,hypothermia,dehydration_or_resource_deprivation,route_hypothermia,prot_hypothermia,,high,,yes,自然，可保留；含pending_source_confirmation标签，pilot可用，gold前需确认来源,hypothermia,,dehydration_or_resource_deprivation
multi_0249,我很渴，身上还冷得发抖,我很渴，身上还冷得发抖,multi_intent,,dehydration_or_resource_deprivation|hypothermia,,,hypothermia,dehydration_or_resource_deprivation,route_hypothermia,prot_hypothermia,,high,,yes,自然，可保留；含pending_source_confirmation标签，pilot可用，gold前需确认来源,hypothermia,,dehydration_or_resource_deprivation
multi_0250,我没水，身上还很冷,我没水，身上还很冷,multi_intent,,dehydration_or_resource_deprivation|hypothermia,,,hypothermia,dehydration_or_resource_deprivation,route_hypothermia,prot_hypothermia,,high,,yes,自然，可保留；含pending_source_confirmation标签，pilot可用，gold前需确认来源,hypothermia,,dehydration_or_resource_deprivation
multi_0251,我没水，身上还湿透了,我没水，身上还湿透了,multi_intent,,dehydration_or_resource_deprivation|hypothermia,,,hypothermia,dehydration_or_resource_deprivation,route_hypothermia,prot_hypothermia,,high,,yes,自然，可保留；含pending_source_confirmation标签，pilot可用，gold前需确认来源,hypothermia,,dehydration_or_resource_deprivation
multi_0252,我没水，身上还冷得发抖,我没水，身上还冷得发抖,multi_intent,,dehydration_or_resource_deprivation|hypothermia,,,hypothermia,dehydration_or_resource_deprivation,route_hypothermia,prot_hypothermia,,high,,yes,自然，可保留；含pending_source_confirmation标签，pilot可用，gold前需确认来源,hypothermia,,dehydration_or_resource_deprivation
multi_0253,我没吃的，身上还很冷,我没吃的，身上还很冷,multi_intent,,dehydration_or_resource_deprivation|hypothermia,,,hypothermia,dehydration_or_resource_deprivation,route_hypothermia,prot_hypothermia,,high,,yes,自然，可保留；含pending_source_confirmation标签，pilot可用，gold前需确认来源,hypothermia,,dehydration_or_resource_deprivation
multi_0254,我没吃的，身上还湿透了,我没吃的，身上还湿透了,multi_intent,,dehydration_or_resource_deprivation|hypothermia,,,hypothermia,dehydration_or_resource_deprivation,route_hypothermia,prot_hypothermia,,high,,yes,自然，可保留；含pending_source_confirmation标签，pilot可用，gold前需确认来源,hypothermia,,dehydration_or_resource_deprivation
multi_0255,我没吃的，身上还冷得发抖,我没吃的，身上还冷得发抖,multi_intent,,dehydration_or_resource_deprivation|hypothermia,,,hypothermia,dehydration_or_resource_deprivation,route_hypothermia,prot_hypothermia,,high,,yes,自然，可保留；含pending_source_confirmation标签，pilot可用，gold前需确认来源,hypothermia,,dehydration_or_resource_deprivation
multi_0256,我很渴，现在很害怕,我很渴，现在很害怕,multi_intent,,dehydration_or_resource_deprivation|psychological_distress,,,dehydration_or_resource_deprivation,psychological_distress,route_dehydration_or_resource_deprivation,prot_resource_deprivation,,medium,,yes,自然，可保留；含pending_source_confirmation标签，pilot可用，gold前需确认来源,dehydration_or_resource_deprivation,,psychological_distress
multi_0257,我很渴，现在很慌,我很渴，现在很慌,multi_intent,,dehydration_or_resource_deprivation|psychological_distress,,,dehydration_or_resource_deprivation,psychological_distress,route_dehydration_or_resource_deprivation,prot_resource_deprivation,,medium,,yes,自然，可保留；含pending_source_confirmation标签，pilot可用，gold前需确认来源,dehydration_or_resource_deprivation,,psychological_distress
multi_0258,我很渴，现在很想哭,我很渴，现在很想哭,multi_intent,,dehydration_or_resource_deprivation|psychological_distress,,,dehydration_or_resource_deprivation,psychological_distress,route_dehydration_or_resource_deprivation,prot_resource_deprivation,,medium,,yes,自然，可保留；含pending_source_confirmation标签，pilot可用，gold前需确认来源,dehydration_or_resource_deprivation,,psychological_distress
multi_0259,我没水，现在很害怕,我没水，现在很害怕,multi_intent,,dehydration_or_resource_deprivation|psychological_distress,,,dehydration_or_resource_deprivation,psychological_distress,route_dehydration_or_resource_deprivation,prot_resource_deprivation,,medium,,yes,自然，可保留；含pending_source_confirmation标签，pilot可用，gold前需确认来源,dehydration_or_resource_deprivation,,psychological_distress
multi_0260,我没水，现在很慌,我没水，现在很慌,multi_intent,,dehydration_or_resource_deprivation|psychological_distress,,,dehydration_or_resource_deprivation,psychological_distress,route_dehydration_or_resource_deprivation,prot_resource_deprivation,,medium,,yes,自然，可保留；含pending_source_confirmation标签，pilot可用，gold前需确认来源,dehydration_or_resource_deprivation,,psychological_distress
multi_0261,我没水，现在很想哭,我没水，现在很想哭,multi_intent,,dehydration_or_resource_deprivation|psychological_distress,,,dehydration_or_resource_deprivation,psychological_distress,route_dehydration_or_resource_deprivation,prot_resource_deprivation,,medium,,yes,自然，可保留；含pending_source_confirmation标签，pilot可用，gold前需确认来源,dehydration_or_resource_deprivation,,psychological_distress
multi_0262,我没吃的，现在很害怕,我没吃的，现在很害怕,multi_intent,,dehydration_or_resource_deprivation|psychological_distress,,,dehydration_or_resource_deprivation,psychological_distress,route_dehydration_or_resource_deprivation,prot_resource_deprivation,,medium,,yes,自然，可保留；含pending_source_confirmation标签，pilot可用，gold前需确认来源,dehydration_or_resource_deprivation,,psychological_distress
multi_0263,我没吃的，现在很慌,我没吃的，现在很慌,multi_intent,,dehydration_or_resource_deprivation|psychological_distress,,,dehydration_or_resource_deprivation,psychological_distress,route_dehydration_or_resource_deprivation,prot_resource_deprivation,,medium,,yes,自然，可保留；含pending_source_confirmation标签，pilot可用，gold前需确认来源,dehydration_or_resource_deprivation,,psychological_distress
multi_0264,我没吃的，现在很想哭,我没吃的，现在很想哭,multi_intent,,dehydration_or_resource_deprivation|psychological_distress,,,dehydration_or_resource_deprivation,psychological_distress,route_dehydration_or_resource_deprivation,prot_resource_deprivation,,medium,,yes,自然，可保留；含pending_source_confirmation标签，pilot可用，gold前需确认来源,dehydration_or_resource_deprivation,,psychological_distress
multi_0265,我头晕想吐，现在特别害怕,我头晕想吐，现在特别害怕,multi_intent,,altered_consciousness_or_head_injury|psychological_distress,,,altered_consciousness_or_head_injury,psychological_distress,route_head_or_consciousness,prot_head_injury,,high,,yes,自然，可保留,altered_consciousness_or_head_injury,,psychological_distress
multi_0266,我头晕想吐，现在特别慌,我头晕想吐，现在特别慌,multi_intent,,altered_consciousness_or_head_injury|psychological_distress,,,altered_consciousness_or_head_injury,psychological_distress,route_head_or_consciousness,prot_head_injury,,high,,yes,自然，可保留,altered_consciousness_or_head_injury,,psychological_distress
multi_0267,我头晕想吐，现在特别想哭,我头晕想吐，现在特别想哭,multi_intent,,altered_consciousness_or_head_injury|psychological_distress,,,altered_consciousness_or_head_injury,psychological_distress,route_head_or_consciousness,prot_head_injury,,high,,yes,自然，可保留,altered_consciousness_or_head_injury,,psychological_distress
multi_0268,我撞到头了，现在特别害怕,我撞到头了，现在特别害怕,multi_intent,,altered_consciousness_or_head_injury|psychological_distress,,,altered_consciousness_or_head_injury,psychological_distress,route_head_or_consciousness,prot_head_injury,,high,,yes,自然，可保留,altered_consciousness_or_head_injury,,psychological_distress
multi_0269,我撞到头了，现在特别慌,我撞到头了，现在特别慌,multi_intent,,altered_consciousness_or_head_injury|psychological_distress,,,altered_consciousness_or_head_injury,psychological_distress,route_head_or_consciousness,prot_head_injury,,high,,yes,自然，可保留,altered_consciousness_or_head_injury,,psychological_distress
multi_0270,我撞到头了，现在特别想哭,我撞到头了，现在特别想哭,multi_intent,,altered_consciousness_or_head_injury|psychological_distress,,,altered_consciousness_or_head_injury,psychological_distress,route_head_or_consciousness,prot_head_injury,,high,,yes,自然，可保留,altered_consciousness_or_head_injury,,psychological_distress
multi_0271,我眼前发黑，现在特别害怕,我眼前发黑，现在特别害怕,multi_intent,,altered_consciousness_or_head_injury|psychological_distress,,,altered_consciousness_or_head_injury,psychological_distress,route_head_or_consciousness,prot_head_injury,,high,,yes,自然，可保留,altered_consciousness_or_head_injury,,psychological_distress
multi_0272,我眼前发黑，现在特别慌,我眼前发黑，现在特别慌,multi_intent,,altered_consciousness_or_head_injury|psychological_distress,,,altered_consciousness_or_head_injury,psychological_distress,route_head_or_consciousness,prot_head_injury,,high,,yes,自然，可保留,altered_consciousness_or_head_injury,,psychological_distress
multi_0273,我眼前发黑，现在特别想哭,我眼前发黑，现在特别想哭,multi_intent,,altered_consciousness_or_head_injury|psychological_distress,,,altered_consciousness_or_head_injury,psychological_distress,route_head_or_consciousness,prot_head_injury,,high,,yes,自然，可保留,altered_consciousness_or_head_injury,,psychological_distress
multi_0274,我很害怕，还头很晕,我很害怕，还头很晕,multi_intent,,psychological_distress|altered_consciousness_or_head_injury,,,altered_consciousness_or_head_injury,psychological_distress,route_head_or_consciousness,prot_head_injury,,high,,yes,自然，可保留,altered_consciousness_or_head_injury,,psychological_distress
multi_0275,我很害怕，还撞到头后想吐,我很害怕，还撞到头后想吐,multi_intent,,psychological_distress|altered_consciousness_or_head_injury,,,altered_consciousness_or_head_injury,psychological_distress,route_head_or_consciousness,prot_head_injury,,high,,yes,自然，可保留,altered_consciousness_or_head_injury,,psychological_distress
multi_0276,我很害怕，还眼前发黑,我很害怕，还眼前发黑,multi_intent,,psychological_distress|altered_consciousness_or_head_injury,,,altered_consciousness_or_head_injury,psychological_distress,route_head_or_consciousness,prot_head_injury,,high,,yes,自然，可保留,altered_consciousness_or_head_injury,,psychological_distress
multi_0277,我很慌，还头很晕,我很慌，还头很晕,multi_intent,,psychological_distress|altered_consciousness_or_head_injury,,,altered_consciousness_or_head_injury,psychological_distress,route_head_or_consciousness,prot_head_injury,,high,,yes,自然，可保留,altered_consciousness_or_head_injury,,psychological_distress
multi_0278,我很慌，还撞到头后想吐,我很慌，还撞到头后想吐,multi_intent,,psychological_distress|altered_consciousness_or_head_injury,,,altered_consciousness_or_head_injury,psychological_distress,route_head_or_consciousness,prot_head_injury,,high,,yes,自然，可保留,altered_consciousness_or_head_injury,,psychological_distress
multi_0279,我很慌，还眼前发黑,我很慌，还眼前发黑,multi_intent,,psychological_distress|altered_consciousness_or_head_injury,,,altered_consciousness_or_head_injury,psychological_distress,route_head_or_consciousness,prot_head_injury,,high,,yes,自然，可保留,altered_consciousness_or_head_injury,,psychological_distress
multi_0280,我很崩溃，还头很晕,我很崩溃，还头很晕,multi_intent,,psychological_distress|altered_consciousness_or_head_injury,,,altered_consciousness_or_head_injury,psychological_distress,route_head_or_consciousness,prot_head_injury,,high,,yes,自然，可保留,altered_consciousness_or_head_injury,,psychological_distress
multi_0281,我很崩溃，还撞到头后想吐,我很崩溃，还撞到头后想吐,multi_intent,,psychological_distress|altered_consciousness_or_head_injury,,,altered_consciousness_or_head_injury,psychological_distress,route_head_or_consciousness,prot_head_injury,,high,,yes,自然，可保留,altered_consciousness_or_head_injury,,psychological_distress
multi_0282,我很崩溃，还眼前发黑,我很崩溃，还眼前发黑,multi_intent,,psychological_distress|altered_consciousness_or_head_injury,,,altered_consciousness_or_head_injury,psychological_distress,route_head_or_consciousness,prot_head_injury,,high,,yes,自然，可保留,altered_consciousness_or_head_injury,,psychological_distress
multi_0283,我头晕想吐，手机快没电,我头晕想吐，手机快没电,multi_intent,,altered_consciousness_or_head_injury,,low_battery,altered_consciousness_or_head_injury,,route_head_or_consciousness,prot_head_injury,,high,,yes,自然，可保留,altered_consciousness_or_head_injury,,
multi_0284,我头晕想吐，手机电量很低,我头晕想吐，手机电量很低,multi_intent,,altered_consciousness_or_head_injury,,low_battery,altered_consciousness_or_head_injury,,route_head_or_consciousness,prot_head_injury,,high,,yes,自然，可保留,altered_consciousness_or_head_injury,,
multi_0285,我头晕想吐，手机快关机,我头晕想吐，手机快关机,multi_intent,,altered_consciousness_or_head_injury,,low_battery,altered_consciousness_or_head_injury,,route_head_or_consciousness,prot_head_injury,,high,,yes,自然，可保留,altered_consciousness_or_head_injury,,
multi_0286,我撞到头了，手机快没电,我撞到头了，手机快没电,multi_intent,,altered_consciousness_or_head_injury,,low_battery,altered_consciousness_or_head_injury,,route_head_or_consciousness,prot_head_injury,,high,,yes,自然，可保留,altered_consciousness_or_head_injury,,
multi_0287,我撞到头了，手机电量很低,我撞到头了，手机电量很低,multi_intent,,altered_consciousness_or_head_injury,,low_battery,altered_consciousness_or_head_injury,,route_head_or_consciousness,prot_head_injury,,high,,yes,自然，可保留,altered_consciousness_or_head_injury,,
multi_0288,我撞到头了，手机快关机,我撞到头了，手机快关机,multi_intent,,altered_consciousness_or_head_injury,,low_battery,altered_consciousness_or_head_injury,,route_head_or_consciousness,prot_head_injury,,high,,yes,自然，可保留,altered_consciousness_or_head_injury,,
multi_0289,我眼前发黑，手机快没电,我眼前发黑，手机快没电,multi_intent,,altered_consciousness_or_head_injury,,low_battery,altered_consciousness_or_head_injury,,route_head_or_consciousness,prot_head_injury,,high,,yes,自然，可保留,altered_consciousness_or_head_injury,,
multi_0290,我眼前发黑，手机电量很低,我眼前发黑，手机电量很低,multi_intent,,altered_consciousness_or_head_injury,,low_battery,altered_consciousness_or_head_injury,,route_head_or_consciousness,prot_head_injury,,high,,yes,自然，可保留,altered_consciousness_or_head_injury,,
multi_0291,我眼前发黑，手机快关机,我眼前发黑，手机快关机,multi_intent,,altered_consciousness_or_head_injury,,low_battery,altered_consciousness_or_head_injury,,route_head_or_consciousness,prot_head_injury,,high,,yes,自然，可保留,altered_consciousness_or_head_injury,,
multi_0292,我被困住了，还头很晕,我被困住了，还头很晕,multi_intent,,trapped_or_entrapment|altered_consciousness_or_head_injury,,,altered_consciousness_or_head_injury,trapped_or_entrapment,route_head_or_consciousness,prot_head_injury,,high,,yes,自然，可保留；含pending_source_confirmation标签，pilot可用，gold前需确认来源,altered_consciousness_or_head_injury,,trapped_or_entrapment
multi_0293,我被困住了，还撞到头了,我被困住了，还撞到头了,multi_intent,,trapped_or_entrapment|altered_consciousness_or_head_injury,,,altered_consciousness_or_head_injury,trapped_or_entrapment,route_head_or_consciousness,prot_head_injury,,high,,yes,自然，可保留；含pending_source_confirmation标签，pilot可用，gold前需确认来源,altered_consciousness_or_head_injury,,trapped_or_entrapment
multi_0294,我被困住了，还撞到头后有点想吐,我被困住了，还撞到头后有点想吐,multi_intent,,trapped_or_entrapment|altered_consciousness_or_head_injury,,,altered_consciousness_or_head_injury,trapped_or_entrapment,route_head_or_consciousness,prot_head_injury,,high,,yes,自然，可保留；含pending_source_confirmation标签，pilot可用，gold前需确认来源,altered_consciousness_or_head_injury,,trapped_or_entrapment
multi_0295,我出不去，还头很晕,我出不去，还头很晕,multi_intent,,trapped_or_entrapment|altered_consciousness_or_head_injury,,,altered_consciousness_or_head_injury,trapped_or_entrapment,route_head_or_consciousness,prot_head_injury,,high,,yes,自然，可保留；含pending_source_confirmation标签，pilot可用，gold前需确认来源,altered_consciousness_or_head_injury,,trapped_or_entrapment
multi_0296,我出不去，还撞到头了,我出不去，还撞到头了,multi_intent,,trapped_or_entrapment|altered_consciousness_or_head_injury,,,altered_consciousness_or_head_injury,trapped_or_entrapment,route_head_or_consciousness,prot_head_injury,,high,,yes,自然，可保留；含pending_source_confirmation标签，pilot可用，gold前需确认来源,altered_consciousness_or_head_injury,,trapped_or_entrapment
multi_0297,我出不去，还撞到头后有点想吐,我出不去，还撞到头后有点想吐,multi_intent,,trapped_or_entrapment|altered_consciousness_or_head_injury,,,altered_consciousness_or_head_injury,trapped_or_entrapment,route_head_or_consciousness,prot_head_injury,,high,,yes,自然，可保留；含pending_source_confirmation标签，pilot可用，gold前需确认来源,altered_consciousness_or_head_injury,,trapped_or_entrapment
multi_0298,我卡住了，还头很晕,我卡住了，还头很晕,multi_intent,,trapped_or_entrapment|altered_consciousness_or_head_injury,,,altered_consciousness_or_head_injury,trapped_or_entrapment,route_head_or_consciousness,prot_head_injury,,high,,yes,自然，可保留；含pending_source_confirmation标签，pilot可用，gold前需确认来源,altered_consciousness_or_head_injury,,trapped_or_entrapment
multi_0299,我卡住了，还撞到头了,我卡住了，还撞到头了,multi_intent,,trapped_or_entrapment|altered_consciousness_or_head_injury,,,altered_consciousness_or_head_injury,trapped_or_entrapment,route_head_or_consciousness,prot_head_injury,,high,,yes,自然，可保留；含pending_source_confirmation标签，pilot可用，gold前需确认来源,altered_consciousness_or_head_injury,,trapped_or_entrapment
multi_0300,我卡住了，还撞到头后有点想吐,我卡住了，还撞到头后有点想吐,multi_intent,,trapped_or_entrapment|altered_consciousness_or_head_injury,,,altered_consciousness_or_head_injury,trapped_or_entrapment,route_head_or_consciousness,prot_head_injury,,high,,yes,自然，可保留；含pending_source_confirmation标签，pilot可用，gold前需确认来源,altered_consciousness_or_head_injury,,trapped_or_entrapment
multi_0301,我一直流血，手机快没电,我一直流血，手机快没电,multi_intent,,severe_bleeding_or_shock,,low_battery,severe_bleeding_or_shock,,route_bleeding_control,prot_bleeding_control,,high,,yes,自然，可保留,severe_bleeding_or_shock,,
multi_0302,我一直流血，手机电量低,我一直流血，手机电量低,multi_intent,,severe_bleeding_or_shock,,low_battery,severe_bleeding_or_shock,,route_bleeding_control,prot_bleeding_control,,high,,yes,自然，可保留,severe_bleeding_or_shock,,
multi_0303,我一直流血，手机快关机,我一直流血，手机快关机,multi_intent,,severe_bleeding_or_shock,,low_battery,severe_bleeding_or_shock,,route_bleeding_control,prot_bleeding_control,,high,,yes,自然，可保留,severe_bleeding_or_shock,,
multi_0304,我血止不住，手机快没电,我血止不住，手机快没电,multi_intent,,severe_bleeding_or_shock,,low_battery,severe_bleeding_or_shock,,route_bleeding_control,prot_bleeding_control,,high,,yes,自然，可保留,severe_bleeding_or_shock,,
multi_0305,我血止不住，手机电量低,我血止不住，手机电量低,multi_intent,,severe_bleeding_or_shock,,low_battery,severe_bleeding_or_shock,,route_bleeding_control,prot_bleeding_control,,high,,yes,自然，可保留,severe_bleeding_or_shock,,
multi_0306,我血止不住，手机快关机,我血止不住，手机快关机,multi_intent,,severe_bleeding_or_shock,,low_battery,severe_bleeding_or_shock,,route_bleeding_control,prot_bleeding_control,,high,,yes,自然，可保留,severe_bleeding_or_shock,,
multi_0307,我出了很多血，手机快没电,我出了很多血，手机快没电,multi_intent,,severe_bleeding_or_shock,,low_battery,severe_bleeding_or_shock,,route_bleeding_control,prot_bleeding_control,,high,,yes,自然，可保留,severe_bleeding_or_shock,,
multi_0308,我出了很多血，手机电量低,我出了很多血，手机电量低,multi_intent,,severe_bleeding_or_shock,,low_battery,severe_bleeding_or_shock,,route_bleeding_control,prot_bleeding_control,,high,,yes,自然，可保留,severe_bleeding_or_shock,,
multi_0309,我出了很多血，手机快关机,我出了很多血，手机快关机,multi_intent,,severe_bleeding_or_shock,,low_battery,severe_bleeding_or_shock,,route_bleeding_control,prot_bleeding_control,,high,,yes,自然，可保留,severe_bleeding_or_shock,,
multi_0310,我腿被压住了，手机快没电,我腿被压住了，手机快没电,multi_intent,,crush_injury,,low_battery,crush_injury,,route_crush_injury,prot_crush_injury,,high,,yes,自然，可保留；含pending_source_confirmation标签，pilot可用，gold前需确认来源,crush_injury,,
multi_0311,我腿被压住了，手机电量低,我腿被压住了，手机电量低,multi_intent,,crush_injury,,low_battery,crush_injury,,route_crush_injury,prot_crush_injury,,high,,yes,自然，可保留；含pending_source_confirmation标签，pilot可用，gold前需确认来源,crush_injury,,
multi_0312,我腿被压住了，手机快关机,我腿被压住了，手机快关机,multi_intent,,crush_injury,,low_battery,crush_injury,,route_crush_injury,prot_crush_injury,,high,,yes,自然，可保留；含pending_source_confirmation标签，pilot可用，gold前需确认来源,crush_injury,,
multi_0313,我胳膊被卡住了，手机快没电,我胳膊被卡住了，手机快没电,multi_intent,,crush_injury,,low_battery,crush_injury,,route_crush_injury,prot_crush_injury,,high,,yes,自然，可保留；含pending_source_confirmation标签，pilot可用，gold前需确认来源,crush_injury,,
multi_0314,我胳膊被卡住了，手机电量低,我胳膊被卡住了，手机电量低,multi_intent,,crush_injury,,low_battery,crush_injury,,route_crush_injury,prot_crush_injury,,high,,yes,自然，可保留；含pending_source_confirmation标签，pilot可用，gold前需确认来源,crush_injury,,
multi_0315,我胳膊被卡住了，手机快关机,我胳膊被卡住了，手机快关机,multi_intent,,crush_injury,,low_battery,crush_injury,,route_crush_injury,prot_crush_injury,,high,,yes,自然，可保留；含pending_source_confirmation标签，pilot可用，gold前需确认来源,crush_injury,,
multi_0316,我身体被重物压着，手机快没电,我身体被重物压着，手机快没电,multi_intent,,crush_injury,,low_battery,crush_injury,,route_crush_injury,prot_crush_injury,,high,,yes,自然，可保留；含pending_source_confirmation标签，pilot可用，gold前需确认来源,crush_injury,,
multi_0317,我身体被重物压着，手机电量低,我身体被重物压着，手机电量低,multi_intent,,crush_injury,,low_battery,crush_injury,,route_crush_injury,prot_crush_injury,,high,,yes,自然，可保留；含pending_source_confirmation标签，pilot可用，gold前需确认来源,crush_injury,,
multi_0318,我身体被重物压着，手机快关机,我身体被重物压着，手机快关机,multi_intent,,crush_injury,,low_battery,crush_injury,,route_crush_injury,prot_crush_injury,,high,,yes,自然，可保留；含pending_source_confirmation标签，pilot可用，gold前需确认来源,crush_injury,,
multi_0319,我很冷，手机快没电,我很冷，手机快没电,multi_intent,,hypothermia,,low_battery,hypothermia,,route_hypothermia,prot_hypothermia,,high,,yes,自然，可保留,hypothermia,,
multi_0320,我很冷，手机电量低,我很冷，手机电量低,multi_intent,,hypothermia,,low_battery,hypothermia,,route_hypothermia,prot_hypothermia,,high,,yes,自然，可保留,hypothermia,,
multi_0321,我很冷，手机快关机,我很冷，手机快关机,multi_intent,,hypothermia,,low_battery,hypothermia,,route_hypothermia,prot_hypothermia,,high,,yes,自然，可保留,hypothermia,,
multi_0322,我冷得发抖，手机快没电,我冷得发抖，手机快没电,multi_intent,,hypothermia,,low_battery,hypothermia,,route_hypothermia,prot_hypothermia,,high,,yes,自然，可保留,hypothermia,,
multi_0323,我冷得发抖，手机电量低,我冷得发抖，手机电量低,multi_intent,,hypothermia,,low_battery,hypothermia,,route_hypothermia,prot_hypothermia,,high,,yes,自然，可保留,hypothermia,,
multi_0324,我冷得发抖，手机快关机,我冷得发抖，手机快关机,multi_intent,,hypothermia,,low_battery,hypothermia,,route_hypothermia,prot_hypothermia,,high,,yes,自然，可保留,hypothermia,,
multi_0325,我衣服湿透了，手机快没电,我衣服湿透了，手机快没电,multi_intent,,hypothermia,,low_battery,hypothermia,,route_hypothermia,prot_hypothermia,,high,,yes,自然，可保留,hypothermia,,
multi_0326,我衣服湿透了，手机电量低,我衣服湿透了，手机电量低,multi_intent,,hypothermia,,low_battery,hypothermia,,route_hypothermia,prot_hypothermia,,high,,yes,自然，可保留,hypothermia,,
multi_0327,我衣服湿透了，手机快关机,我衣服湿透了，手机快关机,multi_intent,,hypothermia,,low_battery,hypothermia,,route_hypothermia,prot_hypothermia,,high,,yes,自然，可保留,hypothermia,,
multi_0328,我很害怕，手机也快没电,我很害怕，手机也快没电,multi_intent,,psychological_distress,,low_battery,psychological_distress,,route_psychological_support,prot_psychological_support,,medium,,yes,自然，可保留,psychological_distress,,
multi_0329,我很害怕，手机也电量低,我很害怕，手机也电量低,multi_intent,,psychological_distress,,low_battery,psychological_distress,,route_psychological_support,prot_psychological_support,,medium,,yes,自然，可保留,psychological_distress,,
multi_0330,我很害怕，手机也快关机,我很害怕，手机也快关机,multi_intent,,psychological_distress,,low_battery,psychological_distress,,route_psychological_support,prot_psychological_support,,medium,,yes,自然，可保留,psychological_distress,,
multi_0331,我很慌，手机也快没电,我很慌，手机也快没电,multi_intent,,psychological_distress,,low_battery,psychological_distress,,route_psychological_support,prot_psychological_support,,medium,,yes,自然，可保留,psychological_distress,,
multi_0332,我很慌，手机也电量低,我很慌，手机也电量低,multi_intent,,psychological_distress,,low_battery,psychological_distress,,route_psychological_support,prot_psychological_support,,medium,,yes,自然，可保留,psychological_distress,,
multi_0333,我很慌，手机也快关机,我很慌，手机也快关机,multi_intent,,psychological_distress,,low_battery,psychological_distress,,route_psychological_support,prot_psychological_support,,medium,,yes,自然，可保留,psychological_distress,,
multi_0334,我很想哭，手机也快没电,我很想哭，手机也快没电,multi_intent,,psychological_distress,,low_battery,psychological_distress,,route_psychological_support,prot_psychological_support,,medium,,yes,自然，可保留,psychological_distress,,
multi_0335,我很想哭，手机也电量低,我很想哭，手机也电量低,multi_intent,,psychological_distress,,low_battery,psychological_distress,,route_psychological_support,prot_psychological_support,,medium,,yes,自然，可保留,psychological_distress,,
multi_0336,我很想哭，手机也快关机,我很想哭，手机也快关机,multi_intent,,psychological_distress,,low_battery,psychological_distress,,route_psychological_support,prot_psychological_support,,medium,,yes,自然，可保留,psychological_distress,,
multi_0337,我被困住了，手机快没电,我被困住了，手机快没电,multi_intent,,trapped_or_entrapment,,low_battery,trapped_or_entrapment,,route_trapped_or_entrapment,prot_entrapment,,high,,yes,自然，可保留；含pending_source_confirmation标签，pilot可用，gold前需确认来源,trapped_or_entrapment,,
multi_0338,我被困住了，手机电量低,我被困住了，手机电量低,multi_intent,,trapped_or_entrapment,,low_battery,trapped_or_entrapment,,route_trapped_or_entrapment,prot_entrapment,,high,,yes,自然，可保留；含pending_source_confirmation标签，pilot可用，gold前需确认来源,trapped_or_entrapment,,
multi_0339,我被困住了，手机快关机,我被困住了，手机快关机,multi_intent,,trapped_or_entrapment,,low_battery,trapped_or_entrapment,,route_trapped_or_entrapment,prot_entrapment,,high,,yes,自然，可保留；含pending_source_confirmation标签，pilot可用，gold前需确认来源,trapped_or_entrapment,,
multi_0340,我出不去，手机快没电,我出不去，手机快没电,multi_intent,,trapped_or_entrapment,,low_battery,trapped_or_entrapment,,route_trapped_or_entrapment,prot_entrapment,,high,,yes,自然，可保留；含pending_source_confirmation标签，pilot可用，gold前需确认来源,trapped_or_entrapment,,
multi_0341,我出不去，手机电量低,我出不去，手机电量低,multi_intent,,trapped_or_entrapment,,low_battery,trapped_or_entrapment,,route_trapped_or_entrapment,prot_entrapment,,high,,yes,自然，可保留；含pending_source_confirmation标签，pilot可用，gold前需确认来源,trapped_or_entrapment,,
multi_0342,我出不去，手机快关机,我出不去，手机快关机,multi_intent,,trapped_or_entrapment,,low_battery,trapped_or_entrapment,,route_trapped_or_entrapment,prot_entrapment,,high,,yes,自然，可保留；含pending_source_confirmation标签，pilot可用，gold前需确认来源,trapped_or_entrapment,,
multi_0343,我门打不开，手机快没电,我门打不开，手机快没电,multi_intent,,trapped_or_entrapment,,low_battery,trapped_or_entrapment,,route_trapped_or_entrapment,prot_entrapment,,high,,yes,自然，可保留；含pending_source_confirmation标签，pilot可用，gold前需确认来源,trapped_or_entrapment,,
multi_0344,我门打不开，手机电量低,我门打不开，手机电量低,multi_intent,,trapped_or_entrapment,,low_battery,trapped_or_entrapment,,route_trapped_or_entrapment,prot_entrapment,,high,,yes,自然，可保留；含pending_source_confirmation标签，pilot可用，gold前需确认来源,trapped_or_entrapment,,
multi_0345,我门打不开，手机快关机,我门打不开，手机快关机,multi_intent,,trapped_or_entrapment,,low_battery,trapped_or_entrapment,,route_trapped_or_entrapment,prot_entrapment,,high,,yes,自然，可保留；含pending_source_confirmation标签，pilot可用，gold前需确认来源,trapped_or_entrapment,,
multi_0346,我腿疼，现在很害怕,我腿疼，现在很害怕,multi_intent,,trauma_or_fracture|psychological_distress,,,trauma_or_fracture,psychological_distress,route_trauma_or_fracture,prot_injury_fracture,,medium,,yes,自然，可保留,trauma_or_fracture,,psychological_distress
multi_0347,我腿疼，现在很慌,我腿疼，现在很慌,multi_intent,,trauma_or_fracture|psychological_distress,,,trauma_or_fracture,psychological_distress,route_trauma_or_fracture,prot_injury_fracture,,medium,,yes,自然，可保留,trauma_or_fracture,,psychological_distress
multi_0348,我腿疼，现在很想哭,我腿疼，现在很想哭,multi_intent,,trauma_or_fracture|psychological_distress,,,trauma_or_fracture,psychological_distress,route_trauma_or_fracture,prot_injury_fracture,,medium,,yes,自然，可保留,trauma_or_fracture,,psychological_distress
multi_0349,我胳膊肿了，现在很害怕,我胳膊肿了，现在很害怕,multi_intent,,trauma_or_fracture|psychological_distress,,,trauma_or_fracture,psychological_distress,route_trauma_or_fracture,prot_injury_fracture,,medium,,yes,自然，可保留,trauma_or_fracture,,psychological_distress
multi_0350,我胳膊肿了，现在很慌,我胳膊肿了，现在很慌,multi_intent,,trauma_or_fracture|psychological_distress,,,trauma_or_fracture,psychological_distress,route_trauma_or_fracture,prot_injury_fracture,,medium,,yes,自然，可保留,trauma_or_fracture,,psychological_distress
multi_0351,我胳膊肿了，现在很想哭,我胳膊肿了，现在很想哭,multi_intent,,trauma_or_fracture|psychological_distress,,,trauma_or_fracture,psychological_distress,route_trauma_or_fracture,prot_injury_fracture,,medium,,yes,自然，可保留,trauma_or_fracture,,psychological_distress
multi_0352,我脚扭伤了，现在很害怕,我脚扭伤了，现在很害怕,multi_intent,,trauma_or_fracture|psychological_distress,,,trauma_or_fracture,psychological_distress,route_trauma_or_fracture,prot_injury_fracture,,medium,,yes,自然，可保留,trauma_or_fracture,,psychological_distress
multi_0353,我脚扭伤了，现在很慌,我脚扭伤了，现在很慌,multi_intent,,trauma_or_fracture|psychological_distress,,,trauma_or_fracture,psychological_distress,route_trauma_or_fracture,prot_injury_fracture,,medium,,yes,自然，可保留,trauma_or_fracture,,psychological_distress
multi_0354,我脚扭伤了，现在很想哭,我脚扭伤了，现在很想哭,multi_intent,,trauma_or_fracture|psychological_distress,,,trauma_or_fracture,psychological_distress,route_trauma_or_fracture,prot_injury_fracture,,medium,,yes,自然，可保留,trauma_or_fracture,,psychological_distress
multi_0355,我腿疼得动不了，还出不去,我腿疼得动不了，还出不去,multi_intent,,trauma_or_fracture|trapped_or_entrapment,,,trapped_or_entrapment,trauma_or_fracture,route_trapped_or_entrapment,prot_entrapment,,high,,yes,自然，可保留；含pending_source_confirmation标签，pilot可用，gold前需确认来源,trapped_or_entrapment,,trauma_or_fracture
multi_0356,我腿疼得动不了，还被困住,我腿疼得动不了，还被困住,multi_intent,,trauma_or_fracture|trapped_or_entrapment,,,trapped_or_entrapment,trauma_or_fracture,route_trapped_or_entrapment,prot_entrapment,,high,,yes,自然，可保留；含pending_source_confirmation标签，pilot可用，gold前需确认来源,trapped_or_entrapment,,trauma_or_fracture
multi_0357,我腿疼得动不了，还门打不开,我腿疼得动不了，还门打不开,multi_intent,,trauma_or_fracture|trapped_or_entrapment,,,trapped_or_entrapment,trauma_or_fracture,route_trapped_or_entrapment,prot_entrapment,,high,,yes,自然，可保留；含pending_source_confirmation标签，pilot可用，gold前需确认来源,trapped_or_entrapment,,trauma_or_fracture
multi_0358,我胳膊肿了，还出不去,我胳膊肿了，还出不去,multi_intent,,trauma_or_fracture|trapped_or_entrapment,,,trapped_or_entrapment,trauma_or_fracture,route_trapped_or_entrapment,prot_entrapment,,high,,yes,自然，可保留；含pending_source_confirmation标签，pilot可用，gold前需确认来源,trapped_or_entrapment,,trauma_or_fracture
multi_0359,我胳膊肿了，还被困住,我胳膊肿了，还被困住,multi_intent,,trauma_or_fracture|trapped_or_entrapment,,,trapped_or_entrapment,trauma_or_fracture,route_trapped_or_entrapment,prot_entrapment,,high,,yes,自然，可保留；含pending_source_confirmation标签，pilot可用，gold前需确认来源,trapped_or_entrapment,,trauma_or_fracture
multi_0360,我胳膊肿了，还门打不开,我胳膊肿了，还门打不开,multi_intent,,trauma_or_fracture|trapped_or_entrapment,,,trapped_or_entrapment,trauma_or_fracture,route_trapped_or_entrapment,prot_entrapment,,high,,yes,自然，可保留；含pending_source_confirmation标签，pilot可用，gold前需确认来源,trapped_or_entrapment,,trauma_or_fracture
multi_0361,我脚扭伤了，还出不去,我脚扭伤了，还出不去,multi_intent,,trauma_or_fracture|trapped_or_entrapment,,,trapped_or_entrapment,trauma_or_fracture,route_trapped_or_entrapment,prot_entrapment,,high,,yes,自然，可保留；含pending_source_confirmation标签，pilot可用，gold前需确认来源,trapped_or_entrapment,,trauma_or_fracture
multi_0362,我脚扭伤了，还被困住,我脚扭伤了，还被困住,multi_intent,,trauma_or_fracture|trapped_or_entrapment,,,trapped_or_entrapment,trauma_or_fracture,route_trapped_or_entrapment,prot_entrapment,,high,,yes,自然，可保留；含pending_source_confirmation标签，pilot可用，gold前需确认来源,trapped_or_entrapment,,trauma_or_fracture
multi_0363,我脚扭伤了，还门打不开,我脚扭伤了，还门打不开,multi_intent,,trauma_or_fracture|trapped_or_entrapment,,,trapped_or_entrapment,trauma_or_fracture,route_trapped_or_entrapment,prot_entrapment,,high,,yes,自然，可保留；含pending_source_confirmation标签，pilot可用，gold前需确认来源,trapped_or_entrapment,,trauma_or_fracture
multi_0364,我腿很疼，旁边墙在裂,我腿很疼，旁边墙在裂,multi_intent,,trauma_or_fracture|aftershock_or_collapse_hazard,,,aftershock_or_collapse_hazard,trauma_or_fracture,route_aftershock_or_collapse_hazard,prot_aftershock_collapse,,high,,yes,自然，可保留；含pending_source_confirmation标签，pilot可用，gold前需确认来源,aftershock_or_collapse_hazard,,trauma_or_fracture
multi_0365,我腿很疼，旁边还在掉东西,我腿很疼，旁边还在掉东西,multi_intent,,trauma_or_fracture|aftershock_or_collapse_hazard,,,aftershock_or_collapse_hazard,trauma_or_fracture,route_aftershock_or_collapse_hazard,prot_aftershock_collapse,,high,,yes,自然，可保留；含pending_source_confirmation标签，pilot可用，gold前需确认来源,aftershock_or_collapse_hazard,,trauma_or_fracture
multi_0366,我腿很疼，旁边好像又震了,我腿很疼，旁边好像又震了,multi_intent,,trauma_or_fracture|aftershock_or_collapse_hazard,,,aftershock_or_collapse_hazard,trauma_or_fracture,route_aftershock_or_collapse_hazard,prot_aftershock_collapse,,high,,yes,自然，可保留；含pending_source_confirmation标签，pilot可用，gold前需确认来源,aftershock_or_collapse_hazard,,trauma_or_fracture
multi_0367,我手腕肿了，旁边墙在裂,我手腕肿了，旁边墙在裂,multi_intent,,trauma_or_fracture|aftershock_or_collapse_hazard,,,aftershock_or_collapse_hazard,trauma_or_fracture,route_aftershock_or_collapse_hazard,prot_aftershock_collapse,,high,,yes,自然，可保留；含pending_source_confirmation标签，pilot可用，gold前需确认来源,aftershock_or_collapse_hazard,,trauma_or_fracture
multi_0368,我手腕肿了，旁边还在掉东西,我手腕肿了，旁边还在掉东西,multi_intent,,trauma_or_fracture|aftershock_or_collapse_hazard,,,aftershock_or_collapse_hazard,trauma_or_fracture,route_aftershock_or_collapse_hazard,prot_aftershock_collapse,,high,,yes,自然，可保留；含pending_source_confirmation标签，pilot可用，gold前需确认来源,aftershock_or_collapse_hazard,,trauma_or_fracture
multi_0369,我手腕肿了，旁边好像又震了,我手腕肿了，旁边好像又震了,multi_intent,,trauma_or_fracture|aftershock_or_collapse_hazard,,,aftershock_or_collapse_hazard,trauma_or_fracture,route_aftershock_or_collapse_hazard,prot_aftershock_collapse,,high,,yes,自然，可保留；含pending_source_confirmation标签，pilot可用，gold前需确认来源,aftershock_or_collapse_hazard,,trauma_or_fracture
multi_0370,我脚扭了，旁边墙在裂,我脚扭了，旁边墙在裂,multi_intent,,trauma_or_fracture|aftershock_or_collapse_hazard,,,aftershock_or_collapse_hazard,trauma_or_fracture,route_aftershock_or_collapse_hazard,prot_aftershock_collapse,,high,,yes,自然，可保留；含pending_source_confirmation标签，pilot可用，gold前需确认来源,aftershock_or_collapse_hazard,,trauma_or_fracture
multi_0371,我脚扭了，旁边还在掉东西,我脚扭了，旁边还在掉东西,multi_intent,,trauma_or_fracture|aftershock_or_collapse_hazard,,,aftershock_or_collapse_hazard,trauma_or_fracture,route_aftershock_or_collapse_hazard,prot_aftershock_collapse,,high,,yes,自然，可保留；含pending_source_confirmation标签，pilot可用，gold前需确认来源,aftershock_or_collapse_hazard,,trauma_or_fracture
multi_0372,我脚扭了，旁边好像又震了,我脚扭了，旁边好像又震了,multi_intent,,trauma_or_fracture|aftershock_or_collapse_hazard,,,aftershock_or_collapse_hazard,trauma_or_fracture,route_aftershock_or_collapse_hazard,prot_aftershock_collapse,,high,,yes,自然，可保留；含pending_source_confirmation标签，pilot可用，gold前需确认来源,aftershock_or_collapse_hazard,,trauma_or_fracture
multi_0373,我腿疼，也很渴,我腿疼，也很渴,multi_intent,,trauma_or_fracture|dehydration_or_resource_deprivation,,,trauma_or_fracture,dehydration_or_resource_deprivation,route_trauma_or_fracture,prot_injury_fracture,,medium,,yes,自然，可保留；含pending_source_confirmation标签，pilot可用，gold前需确认来源,trauma_or_fracture,,dehydration_or_resource_deprivation
multi_0374,我腿疼，也没水,我腿疼，也没水,multi_intent,,trauma_or_fracture|dehydration_or_resource_deprivation,,,trauma_or_fracture,dehydration_or_resource_deprivation,route_trauma_or_fracture,prot_injury_fracture,,medium,,yes,自然，可保留；含pending_source_confirmation标签，pilot可用，gold前需确认来源,trauma_or_fracture,,dehydration_or_resource_deprivation
multi_0375,我腿疼，也没吃的,我腿疼，也没吃的,multi_intent,,trauma_or_fracture|dehydration_or_resource_deprivation,,,trauma_or_fracture,dehydration_or_resource_deprivation,route_trauma_or_fracture,prot_injury_fracture,,medium,,yes,自然，可保留；含pending_source_confirmation标签，pilot可用，gold前需确认来源,trauma_or_fracture,,dehydration_or_resource_deprivation
multi_0376,我胳膊疼，也很渴,我胳膊疼，也很渴,multi_intent,,trauma_or_fracture|dehydration_or_resource_deprivation,,,trauma_or_fracture,dehydration_or_resource_deprivation,route_trauma_or_fracture,prot_injury_fracture,,medium,,yes,自然，可保留；含pending_source_confirmation标签，pilot可用，gold前需确认来源,trauma_or_fracture,,dehydration_or_resource_deprivation
multi_0377,我胳膊疼，也没水,我胳膊疼，也没水,multi_intent,,trauma_or_fracture|dehydration_or_resource_deprivation,,,trauma_or_fracture,dehydration_or_resource_deprivation,route_trauma_or_fracture,prot_injury_fracture,,medium,,yes,自然，可保留；含pending_source_confirmation标签，pilot可用，gold前需确认来源,trauma_or_fracture,,dehydration_or_resource_deprivation
multi_0378,我胳膊疼，也没吃的,我胳膊疼，也没吃的,multi_intent,,trauma_or_fracture|dehydration_or_resource_deprivation,,,trauma_or_fracture,dehydration_or_resource_deprivation,route_trauma_or_fracture,prot_injury_fracture,,medium,,yes,自然，可保留；含pending_source_confirmation标签，pilot可用，gold前需确认来源,trauma_or_fracture,,dehydration_or_resource_deprivation
multi_0379,我脚扭了，也很渴,我脚扭了，也很渴,multi_intent,,trauma_or_fracture|dehydration_or_resource_deprivation,,,trauma_or_fracture,dehydration_or_resource_deprivation,route_trauma_or_fracture,prot_injury_fracture,,medium,,yes,自然，可保留；含pending_source_confirmation标签，pilot可用，gold前需确认来源,trauma_or_fracture,,dehydration_or_resource_deprivation
multi_0380,我脚扭了，也没水,我脚扭了，也没水,multi_intent,,trauma_or_fracture|dehydration_or_resource_deprivation,,,trauma_or_fracture,dehydration_or_resource_deprivation,route_trauma_or_fracture,prot_injury_fracture,,medium,,yes,自然，可保留；含pending_source_confirmation标签，pilot可用，gold前需确认来源,trauma_or_fracture,,dehydration_or_resource_deprivation
multi_0381,我脚扭了，也没吃的,我脚扭了，也没吃的,multi_intent,,trauma_or_fracture|dehydration_or_resource_deprivation,,,trauma_or_fracture,dehydration_or_resource_deprivation,route_trauma_or_fracture,prot_injury_fracture,,medium,,yes,自然，可保留；含pending_source_confirmation标签，pilot可用，gold前需确认来源,trauma_or_fracture,,dehydration_or_resource_deprivation
multi_0382,我喘不上气，伤口还一直流血,我喘不上气，伤口还一直流血,multi_intent,,respiratory_distress|severe_bleeding_or_shock,,,respiratory_distress,severe_bleeding_or_shock,route_respiratory_distress,prot_respiratory_distress,,critical,,yes,自然，可保留,respiratory_distress,,severe_bleeding_or_shock
multi_0383,我喘不上气，伤口还血止不住,我喘不上气，伤口还血止不住,multi_intent,,respiratory_distress|severe_bleeding_or_shock,,,respiratory_distress,severe_bleeding_or_shock,route_respiratory_distress,prot_respiratory_distress,,critical,,yes,自然，可保留,respiratory_distress,,severe_bleeding_or_shock
multi_0384,我喘不上气，伤口还冒血,我喘不上气，伤口还冒血,multi_intent,,respiratory_distress|severe_bleeding_or_shock,,,respiratory_distress,severe_bleeding_or_shock,route_respiratory_distress,prot_respiratory_distress,,critical,,yes,自然，可保留,respiratory_distress,,severe_bleeding_or_shock
multi_0385,我呼吸困难，伤口还一直流血,我呼吸困难，伤口还一直流血,multi_intent,,respiratory_distress|severe_bleeding_or_shock,,,respiratory_distress,severe_bleeding_or_shock,route_respiratory_distress,prot_respiratory_distress,,critical,,yes,自然，可保留,respiratory_distress,,severe_bleeding_or_shock
multi_0386,我呼吸困难，伤口还血止不住,我呼吸困难，伤口还血止不住,multi_intent,,respiratory_distress|severe_bleeding_or_shock,,,respiratory_distress,severe_bleeding_or_shock,route_respiratory_distress,prot_respiratory_distress,,critical,,yes,自然，可保留,respiratory_distress,,severe_bleeding_or_shock
multi_0387,我呼吸困难，伤口还冒血,我呼吸困难，伤口还冒血,multi_intent,,respiratory_distress|severe_bleeding_or_shock,,,respiratory_distress,severe_bleeding_or_shock,route_respiratory_distress,prot_respiratory_distress,,critical,,yes,自然，可保留,respiratory_distress,,severe_bleeding_or_shock
multi_0388,我吸不上气，伤口还一直流血,我吸不上气，伤口还一直流血,multi_intent,,respiratory_distress|severe_bleeding_or_shock,,,respiratory_distress,severe_bleeding_or_shock,route_respiratory_distress,prot_respiratory_distress,,critical,,yes,自然，可保留,respiratory_distress,,severe_bleeding_or_shock
multi_0389,我吸不上气，伤口还血止不住,我吸不上气，伤口还血止不住,multi_intent,,respiratory_distress|severe_bleeding_or_shock,,,respiratory_distress,severe_bleeding_or_shock,route_respiratory_distress,prot_respiratory_distress,,critical,,yes,自然，可保留,respiratory_distress,,severe_bleeding_or_shock
multi_0390,我吸不上气，伤口还冒血,我吸不上气，伤口还冒血,multi_intent,,respiratory_distress|severe_bleeding_or_shock,,,respiratory_distress,severe_bleeding_or_shock,route_respiratory_distress,prot_respiratory_distress,,critical,,yes,自然，可保留,respiratory_distress,,severe_bleeding_or_shock
multi_0391,我喘不上气，还头很晕,我喘不上气，还头很晕,multi_intent,,respiratory_distress|altered_consciousness_or_head_injury,,,respiratory_distress,altered_consciousness_or_head_injury,route_respiratory_distress,prot_respiratory_distress,,critical,,yes,自然，可保留,respiratory_distress,,altered_consciousness_or_head_injury
multi_0392,我喘不上气，还撞到头后想吐,我喘不上气，还撞到头后想吐,multi_intent,,respiratory_distress|altered_consciousness_or_head_injury,,,respiratory_distress,altered_consciousness_or_head_injury,route_respiratory_distress,prot_respiratory_distress,,critical,,yes,自然，可保留,respiratory_distress,,altered_consciousness_or_head_injury
multi_0393,我喘不上气，还眼前发黑,我喘不上气，还眼前发黑,multi_intent,,respiratory_distress|altered_consciousness_or_head_injury,,,respiratory_distress,altered_consciousness_or_head_injury,route_respiratory_distress,prot_respiratory_distress,,critical,,yes,自然，可保留,respiratory_distress,,altered_consciousness_or_head_injury
multi_0394,我呼吸困难，还头很晕,我呼吸困难，还头很晕,multi_intent,,respiratory_distress|altered_consciousness_or_head_injury,,,respiratory_distress,altered_consciousness_or_head_injury,route_respiratory_distress,prot_respiratory_distress,,critical,,yes,自然，可保留,respiratory_distress,,altered_consciousness_or_head_injury
multi_0395,我呼吸困难，还撞到头后想吐,我呼吸困难，还撞到头后想吐,multi_intent,,respiratory_distress|altered_consciousness_or_head_injury,,,respiratory_distress,altered_consciousness_or_head_injury,route_respiratory_distress,prot_respiratory_distress,,critical,,yes,自然，可保留,respiratory_distress,,altered_consciousness_or_head_injury
multi_0396,我呼吸困难，还眼前发黑,我呼吸困难，还眼前发黑,multi_intent,,respiratory_distress|altered_consciousness_or_head_injury,,,respiratory_distress,altered_consciousness_or_head_injury,route_respiratory_distress,prot_respiratory_distress,,critical,,yes,自然，可保留,respiratory_distress,,altered_consciousness_or_head_injury
multi_0397,我吸不上气，还头很晕,我吸不上气，还头很晕,multi_intent,,respiratory_distress|altered_consciousness_or_head_injury,,,respiratory_distress,altered_consciousness_or_head_injury,route_respiratory_distress,prot_respiratory_distress,,critical,,yes,自然，可保留,respiratory_distress,,altered_consciousness_or_head_injury
multi_0398,我吸不上气，还撞到头后想吐,我吸不上气，还撞到头后想吐,multi_intent,,respiratory_distress|altered_consciousness_or_head_injury,,,respiratory_distress,altered_consciousness_or_head_injury,route_respiratory_distress,prot_respiratory_distress,,critical,,yes,自然，可保留,respiratory_distress,,altered_consciousness_or_head_injury
multi_0399,我吸不上气，还眼前发黑,我吸不上气，还眼前发黑,multi_intent,,respiratory_distress|altered_consciousness_or_head_injury,,,respiratory_distress,altered_consciousness_or_head_injury,route_respiratory_distress,prot_respiratory_distress,,critical,,yes,自然，可保留,respiratory_distress,,altered_consciousness_or_head_injury
multi_0400,我喘不上气，身上很冷,我喘不上气，身上很冷,multi_intent,,respiratory_distress|hypothermia,,,respiratory_distress,hypothermia,route_respiratory_distress,prot_respiratory_distress,,critical,,yes,自然，可保留,respiratory_distress,,hypothermia
multi_0401,我喘不上气，身上冷得发抖,我喘不上气，身上冷得发抖,multi_intent,,respiratory_distress|hypothermia,,,respiratory_distress,hypothermia,route_respiratory_distress,prot_respiratory_distress,,critical,,yes,自然，可保留,respiratory_distress,,hypothermia
multi_0402,我喘不上气，身上湿透了,我喘不上气，身上湿透了,multi_intent,,respiratory_distress|hypothermia,,,respiratory_distress,hypothermia,route_respiratory_distress,prot_respiratory_distress,,critical,,yes,自然，可保留,respiratory_distress,,hypothermia
multi_0403,我呼吸困难，身上很冷,我呼吸困难，身上很冷,multi_intent,,respiratory_distress|hypothermia,,,respiratory_distress,hypothermia,route_respiratory_distress,prot_respiratory_distress,,critical,,yes,自然，可保留,respiratory_distress,,hypothermia
multi_0404,我呼吸困难，身上冷得发抖,我呼吸困难，身上冷得发抖,multi_intent,,respiratory_distress|hypothermia,,,respiratory_distress,hypothermia,route_respiratory_distress,prot_respiratory_distress,,critical,,yes,自然，可保留,respiratory_distress,,hypothermia
multi_0405,我呼吸困难，身上湿透了,我呼吸困难，身上湿透了,multi_intent,,respiratory_distress|hypothermia,,,respiratory_distress,hypothermia,route_respiratory_distress,prot_respiratory_distress,,critical,,yes,自然，可保留,respiratory_distress,,hypothermia
multi_0406,我吸不上气，身上很冷,我吸不上气，身上很冷,multi_intent,,respiratory_distress|hypothermia,,,respiratory_distress,hypothermia,route_respiratory_distress,prot_respiratory_distress,,critical,,yes,自然，可保留,respiratory_distress,,hypothermia
multi_0407,我吸不上气，身上冷得发抖,我吸不上气，身上冷得发抖,multi_intent,,respiratory_distress|hypothermia,,,respiratory_distress,hypothermia,route_respiratory_distress,prot_respiratory_distress,,critical,,yes,自然，可保留,respiratory_distress,,hypothermia
multi_0408,我吸不上气，身上湿透了,我吸不上气，身上湿透了,multi_intent,,respiratory_distress|hypothermia,,,respiratory_distress,hypothermia,route_respiratory_distress,prot_respiratory_distress,,critical,,yes,自然，可保留,respiratory_distress,,hypothermia
multi_0409,我被困住，而且喘不上气,我被困住，而且喘不上气,multi_intent,,trapped_or_entrapment|respiratory_distress,,,respiratory_distress,trapped_or_entrapment,route_respiratory_distress,prot_respiratory_distress,,critical,,yes,自然，可保留；含pending_source_confirmation标签，pilot可用，gold前需确认来源,respiratory_distress,,trapped_or_entrapment
multi_0410,我被困住，而且呼吸困难,我被困住，而且呼吸困难,multi_intent,,trapped_or_entrapment|respiratory_distress,,,respiratory_distress,trapped_or_entrapment,route_respiratory_distress,prot_respiratory_distress,,critical,,yes,自然，可保留；含pending_source_confirmation标签，pilot可用，gold前需确认来源,respiratory_distress,,trapped_or_entrapment
multi_0411,我被困住，而且吸不上气,我被困住，而且吸不上气,multi_intent,,trapped_or_entrapment|respiratory_distress,,,respiratory_distress,trapped_or_entrapment,route_respiratory_distress,prot_respiratory_distress,,critical,,yes,自然，可保留；含pending_source_confirmation标签，pilot可用，gold前需确认来源,respiratory_distress,,trapped_or_entrapment
multi_0412,我出不去，而且喘不上气,我出不去，而且喘不上气,multi_intent,,trapped_or_entrapment|respiratory_distress,,,respiratory_distress,trapped_or_entrapment,route_respiratory_distress,prot_respiratory_distress,,critical,,yes,自然，可保留；含pending_source_confirmation标签，pilot可用，gold前需确认来源,respiratory_distress,,trapped_or_entrapment
multi_0413,我出不去，而且呼吸困难,我出不去，而且呼吸困难,multi_intent,,trapped_or_entrapment|respiratory_distress,,,respiratory_distress,trapped_or_entrapment,route_respiratory_distress,prot_respiratory_distress,,critical,,yes,自然，可保留；含pending_source_confirmation标签，pilot可用，gold前需确认来源,respiratory_distress,,trapped_or_entrapment
multi_0414,我出不去，而且吸不上气,我出不去，而且吸不上气,multi_intent,,trapped_or_entrapment|respiratory_distress,,,respiratory_distress,trapped_or_entrapment,route_respiratory_distress,prot_respiratory_distress,,critical,,yes,自然，可保留；含pending_source_confirmation标签，pilot可用，gold前需确认来源,respiratory_distress,,trapped_or_entrapment
multi_0415,我卡住了，而且喘不上气,我卡住了，而且喘不上气,multi_intent,,trapped_or_entrapment|respiratory_distress,,,respiratory_distress,trapped_or_entrapment,route_respiratory_distress,prot_respiratory_distress,,critical,,yes,自然，可保留；含pending_source_confirmation标签，pilot可用，gold前需确认来源,respiratory_distress,,trapped_or_entrapment
multi_0416,我卡住了，而且呼吸困难,我卡住了，而且呼吸困难,multi_intent,,trapped_or_entrapment|respiratory_distress,,,respiratory_distress,trapped_or_entrapment,route_respiratory_distress,prot_respiratory_distress,,critical,,yes,自然，可保留；含pending_source_confirmation标签，pilot可用，gold前需确认来源,respiratory_distress,,trapped_or_entrapment
multi_0417,我卡住了，而且吸不上气,我卡住了，而且吸不上气,multi_intent,,trapped_or_entrapment|respiratory_distress,,,respiratory_distress,trapped_or_entrapment,route_respiratory_distress,prot_respiratory_distress,,critical,,yes,自然，可保留；含pending_source_confirmation标签，pilot可用，gold前需确认来源,respiratory_distress,,trapped_or_entrapment
multi_0418,别写故事了，我真的喘不上气,别写故事了，我真的喘不上气,multi_intent,,respiratory_distress,,,respiratory_distress,,route_respiratory_distress,prot_respiratory_distress,,critical,,yes,自然，可保留,respiratory_distress,,
multi_0419,别写故事了，我真的呼吸困难,别写故事了，我真的呼吸困难,multi_intent,,respiratory_distress,,,respiratory_distress,,route_respiratory_distress,prot_respiratory_distress,,critical,,yes,自然，可保留,respiratory_distress,,
multi_0420,别写故事了，我真的吸不上气,别写故事了，我真的吸不上气,multi_intent,,respiratory_distress,,,respiratory_distress,,route_respiratory_distress,prot_respiratory_distress,,critical,,yes,自然，可保留,respiratory_distress,,
multi_0421,不要闲聊，我一直流血,不要闲聊，我一直流血,multi_intent,,severe_bleeding_or_shock,,,severe_bleeding_or_shock,,route_bleeding_control,prot_bleeding_control,,high,,yes,自然，可保留,severe_bleeding_or_shock,,
multi_0422,不要闲聊，我血止不住,不要闲聊，我血止不住,multi_intent,,severe_bleeding_or_shock,,,severe_bleeding_or_shock,,route_bleeding_control,prot_bleeding_control,,high,,yes,自然，可保留,severe_bleeding_or_shock,,
multi_0423,不要闲聊，我出了很多血,不要闲聊，我出了很多血,multi_intent,,severe_bleeding_or_shock,,,severe_bleeding_or_shock,,route_bleeding_control,prot_bleeding_control,,high,,yes,自然，可保留,severe_bleeding_or_shock,,
clean_0001,我喘不上气,我喘不上气,clean_control,,respiratory_distress,,,respiratory_distress,,route_respiratory_distress,prot_respiratory_distress,,critical,,yes,自然，可保留,respiratory_distress,,
clean_0002,我呼吸困难,我呼吸困难,clean_control,,respiratory_distress,,,respiratory_distress,,route_respiratory_distress,prot_respiratory_distress,,critical,,yes,自然，可保留,respiratory_distress,,
clean_0003,我吸不上气,我吸不上气,clean_control,,respiratory_distress,,,respiratory_distress,,route_respiratory_distress,prot_respiratory_distress,,critical,,yes,自然，可保留,respiratory_distress,,
clean_0004,我憋得厉害,我憋得厉害,clean_control,,respiratory_distress,,,respiratory_distress,,route_respiratory_distress,prot_respiratory_distress,,critical,,yes,自然，可保留,respiratory_distress,,
clean_0005,灰尘很大，我喘不上气,灰尘很大，我喘不上气,clean_control,,respiratory_distress,,,respiratory_distress,,route_respiratory_distress,prot_respiratory_distress,,critical,,yes,自然，可保留,respiratory_distress,,
clean_0006,灰尘很大，我呼吸困难,灰尘很大，我呼吸困难,clean_control,,respiratory_distress,,,respiratory_distress,,route_respiratory_distress,prot_respiratory_distress,,critical,,yes,自然，可保留,respiratory_distress,,
clean_0007,灰尘很大，我吸不上气,灰尘很大，我吸不上气,clean_control,,respiratory_distress,,,respiratory_distress,,route_respiratory_distress,prot_respiratory_distress,,critical,,yes,自然，可保留,respiratory_distress,,
clean_0008,空气很闷，我喘不上气,空气很闷，我喘不上气,clean_control,,respiratory_distress,,,respiratory_distress,,route_respiratory_distress,prot_respiratory_distress,,critical,,yes,自然，可保留,respiratory_distress,,
clean_0009,空气很闷，我呼吸困难,空气很闷，我呼吸困难,clean_control,,respiratory_distress,,,respiratory_distress,,route_respiratory_distress,prot_respiratory_distress,,critical,,yes,自然，可保留,respiratory_distress,,
clean_0010,空气很闷，我吸不上气,空气很闷，我吸不上气,clean_control,,respiratory_distress,,,respiratory_distress,,route_respiratory_distress,prot_respiratory_distress,,critical,,yes,自然，可保留,respiratory_distress,,
clean_0011,周围烟很多，我喘不上气,周围烟很多，我喘不上气,clean_control,,respiratory_distress,,,respiratory_distress,,route_respiratory_distress,prot_respiratory_distress,,critical,,yes,自然，可保留,respiratory_distress,,
clean_0012,周围烟很多，我呼吸困难,周围烟很多，我呼吸困难,clean_control,,respiratory_distress,,,respiratory_distress,,route_respiratory_distress,prot_respiratory_distress,,critical,,yes,自然，可保留,respiratory_distress,,
clean_0013,周围烟很多，我吸不上气,周围烟很多，我吸不上气,clean_control,,respiratory_distress,,,respiratory_distress,,route_respiratory_distress,prot_respiratory_distress,,critical,,yes,自然，可保留,respiratory_distress,,
clean_0014,我一直流血,我一直流血,clean_control,,severe_bleeding_or_shock,,,severe_bleeding_or_shock,,route_bleeding_control,prot_bleeding_control,,high,,yes,自然，可保留,severe_bleeding_or_shock,,
clean_0015,我血止不住,我血止不住,clean_control,,severe_bleeding_or_shock,,,severe_bleeding_or_shock,,route_bleeding_control,prot_bleeding_control,,high,,yes,自然，可保留,severe_bleeding_or_shock,,
clean_0016,我出了很多血,我出了很多血,clean_control,,severe_bleeding_or_shock,,,severe_bleeding_or_shock,,route_bleeding_control,prot_bleeding_control,,high,,yes,自然，可保留,severe_bleeding_or_shock,,
clean_0017,我伤口冒血,我伤口冒血,clean_control,,severe_bleeding_or_shock,,,severe_bleeding_or_shock,,route_bleeding_control,prot_bleeding_control,,high,,yes,自然，可保留,severe_bleeding_or_shock,,
clean_0018,手上一直流血,手上一直流血,clean_control,,severe_bleeding_or_shock,,,severe_bleeding_or_shock,,route_bleeding_control,prot_bleeding_control,,high,,yes,自然，可保留,severe_bleeding_or_shock,,
clean_0019,手上出了很多血,手上出了很多血,clean_control,,severe_bleeding_or_shock,,,severe_bleeding_or_shock,,route_bleeding_control,prot_bleeding_control,,high,,yes,自然，可保留,severe_bleeding_or_shock,,
clean_0020,手上血止不住,手上血止不住,clean_control,,severe_bleeding_or_shock,,,severe_bleeding_or_shock,,route_bleeding_control,prot_bleeding_control,,high,,yes,自然，可保留,severe_bleeding_or_shock,,
clean_0021,腿上一直流血,腿上一直流血,clean_control,,severe_bleeding_or_shock,,,severe_bleeding_or_shock,,route_bleeding_control,prot_bleeding_control,,high,,yes,自然，可保留,severe_bleeding_or_shock,,
clean_0022,腿上出了很多血,腿上出了很多血,clean_control,,severe_bleeding_or_shock,,,severe_bleeding_or_shock,,route_bleeding_control,prot_bleeding_control,,high,,yes,自然，可保留,severe_bleeding_or_shock,,
clean_0023,腿上血止不住,腿上血止不住,clean_control,,severe_bleeding_or_shock,,,severe_bleeding_or_shock,,route_bleeding_control,prot_bleeding_control,,high,,yes,自然，可保留,severe_bleeding_or_shock,,
clean_0024,胳膊上一直流血,胳膊上一直流血,clean_control,,severe_bleeding_or_shock,,,severe_bleeding_or_shock,,route_bleeding_control,prot_bleeding_control,,high,,yes,自然，可保留,severe_bleeding_or_shock,,
clean_0025,胳膊上出了很多血,胳膊上出了很多血,clean_control,,severe_bleeding_or_shock,,,severe_bleeding_or_shock,,route_bleeding_control,prot_bleeding_control,,high,,yes,自然，可保留,severe_bleeding_or_shock,,
clean_0026,胳膊上血止不住,胳膊上血止不住,clean_control,,severe_bleeding_or_shock,,,severe_bleeding_or_shock,,route_bleeding_control,prot_bleeding_control,,high,,yes,自然，可保留,severe_bleeding_or_shock,,
clean_0027,我腿很疼,我腿很疼,clean_control,,trauma_or_fracture,,,trauma_or_fracture,,route_trauma_or_fracture,prot_injury_fracture,,medium,,yes,自然，可保留,trauma_or_fracture,,
clean_0028,我胳膊肿了,我胳膊肿了,clean_control,,trauma_or_fracture,,,trauma_or_fracture,,route_trauma_or_fracture,prot_injury_fracture,,medium,,yes,自然，可保留,trauma_or_fracture,,
clean_0029,我脚扭了,我脚扭了,clean_control,,trauma_or_fracture,,,trauma_or_fracture,,route_trauma_or_fracture,prot_injury_fracture,,medium,,yes,自然，可保留,trauma_or_fracture,,
clean_0030,我手腕疼,我手腕疼,clean_control,,trauma_or_fracture,,,trauma_or_fracture,,route_trauma_or_fracture,prot_injury_fracture,,medium,,yes,自然，可保留,trauma_or_fracture,,
clean_0031,腿被砸到，现在很疼,腿被砸到，现在很疼,clean_control,,trauma_or_fracture,,,trauma_or_fracture,,route_trauma_or_fracture,prot_injury_fracture,,medium,,yes,自然，可保留,trauma_or_fracture,,
clean_0032,腿被砸到，现在肿了,腿被砸到，现在肿了,clean_control,,trauma_or_fracture,,,trauma_or_fracture,,route_trauma_or_fracture,prot_injury_fracture,,medium,,yes,自然，可保留,trauma_or_fracture,,
clean_0033,腿被砸到，现在动起来疼,腿被砸到，现在动起来疼,clean_control,,trauma_or_fracture,,,trauma_or_fracture,,route_trauma_or_fracture,prot_injury_fracture,,medium,,yes,自然，可保留,trauma_or_fracture,,
clean_0034,腿被扭到，现在很疼,腿被扭到，现在很疼,clean_control,,trauma_or_fracture,,,trauma_or_fracture,,route_trauma_or_fracture,prot_injury_fracture,,medium,,yes,自然，可保留,trauma_or_fracture,,
clean_0035,腿被扭到，现在肿了,腿被扭到，现在肿了,clean_control,,trauma_or_fracture,,,trauma_or_fracture,,route_trauma_or_fracture,prot_injury_fracture,,medium,,yes,自然，可保留,trauma_or_fracture,,
clean_0036,腿被扭到，现在动起来疼,腿被扭到，现在动起来疼,clean_control,,trauma_or_fracture,,,trauma_or_fracture,,route_trauma_or_fracture,prot_injury_fracture,,medium,,yes,自然，可保留,trauma_or_fracture,,
clean_0037,腿被撞到，现在很疼,腿被撞到，现在很疼,clean_control,,trauma_or_fracture,,,trauma_or_fracture,,route_trauma_or_fracture,prot_injury_fracture,,medium,,yes,自然，可保留,trauma_or_fracture,,
clean_0038,腿被撞到，现在肿了,腿被撞到，现在肿了,clean_control,,trauma_or_fracture,,,trauma_or_fracture,,route_trauma_or_fracture,prot_injury_fracture,,medium,,yes,自然，可保留,trauma_or_fracture,,
clean_0039,腿被撞到，现在动起来疼,腿被撞到，现在动起来疼,clean_control,,trauma_or_fracture,,,trauma_or_fracture,,route_trauma_or_fracture,prot_injury_fracture,,medium,,yes,自然，可保留,trauma_or_fracture,,
clean_0040,胳膊被砸到，现在很疼,胳膊被砸到，现在很疼,clean_control,,trauma_or_fracture,,,trauma_or_fracture,,route_trauma_or_fracture,prot_injury_fracture,,medium,,yes,自然，可保留,trauma_or_fracture,,
clean_0041,胳膊被砸到，现在肿了,胳膊被砸到，现在肿了,clean_control,,trauma_or_fracture,,,trauma_or_fracture,,route_trauma_or_fracture,prot_injury_fracture,,medium,,yes,自然，可保留,trauma_or_fracture,,
clean_0042,胳膊被砸到，现在动起来疼,胳膊被砸到，现在动起来疼,clean_control,,trauma_or_fracture,,,trauma_or_fracture,,route_trauma_or_fracture,prot_injury_fracture,,medium,,yes,自然，可保留,trauma_or_fracture,,
clean_0043,胳膊被扭到，现在很疼,胳膊被扭到，现在很疼,clean_control,,trauma_or_fracture,,,trauma_or_fracture,,route_trauma_or_fracture,prot_injury_fracture,,medium,,yes,自然，可保留,trauma_or_fracture,,
clean_0044,胳膊被扭到，现在肿了,胳膊被扭到，现在肿了,clean_control,,trauma_or_fracture,,,trauma_or_fracture,,route_trauma_or_fracture,prot_injury_fracture,,medium,,yes,自然，可保留,trauma_or_fracture,,
clean_0045,胳膊被扭到，现在动起来疼,胳膊被扭到，现在动起来疼,clean_control,,trauma_or_fracture,,,trauma_or_fracture,,route_trauma_or_fracture,prot_injury_fracture,,medium,,yes,自然，可保留,trauma_or_fracture,,
clean_0046,胳膊被撞到，现在很疼,胳膊被撞到，现在很疼,clean_control,,trauma_or_fracture,,,trauma_or_fracture,,route_trauma_or_fracture,prot_injury_fracture,,medium,,yes,自然，可保留,trauma_or_fracture,,
clean_0047,胳膊被撞到，现在肿了,胳膊被撞到，现在肿了,clean_control,,trauma_or_fracture,,,trauma_or_fracture,,route_trauma_or_fracture,prot_injury_fracture,,medium,,yes,自然，可保留,trauma_or_fracture,,
clean_0048,胳膊被撞到，现在动起来疼,胳膊被撞到，现在动起来疼,clean_control,,trauma_or_fracture,,,trauma_or_fracture,,route_trauma_or_fracture,prot_injury_fracture,,medium,,yes,自然，可保留,trauma_or_fracture,,
clean_0049,手被砸到，现在很疼,手被砸到，现在很疼,clean_control,,trauma_or_fracture,,,trauma_or_fracture,,route_trauma_or_fracture,prot_injury_fracture,,medium,,yes,自然，可保留,trauma_or_fracture,,
clean_0050,手被砸到，现在肿了,手被砸到，现在肿了,clean_control,,trauma_or_fracture,,,trauma_or_fracture,,route_trauma_or_fracture,prot_injury_fracture,,medium,,yes,自然，可保留,trauma_or_fracture,,
clean_0051,手被砸到，现在动起来疼,手被砸到，现在动起来疼,clean_control,,trauma_or_fracture,,,trauma_or_fracture,,route_trauma_or_fracture,prot_injury_fracture,,medium,,yes,自然，可保留,trauma_or_fracture,,
clean_0052,手被扭到，现在很疼,手被扭到，现在很疼,clean_control,,trauma_or_fracture,,,trauma_or_fracture,,route_trauma_or_fracture,prot_injury_fracture,,medium,,yes,自然，可保留,trauma_or_fracture,,
clean_0053,手被扭到，现在肿了,手被扭到，现在肿了,clean_control,,trauma_or_fracture,,,trauma_or_fracture,,route_trauma_or_fracture,prot_injury_fracture,,medium,,yes,自然，可保留,trauma_or_fracture,,
clean_0054,手被扭到，现在动起来疼,手被扭到，现在动起来疼,clean_control,,trauma_or_fracture,,,trauma_or_fracture,,route_trauma_or_fracture,prot_injury_fracture,,medium,,yes,自然，可保留,trauma_or_fracture,,
clean_0055,手被撞到，现在很疼,手被撞到，现在很疼,clean_control,,trauma_or_fracture,,,trauma_or_fracture,,route_trauma_or_fracture,prot_injury_fracture,,medium,,yes,自然，可保留,trauma_or_fracture,,
clean_0056,手被撞到，现在肿了,手被撞到，现在肿了,clean_control,,trauma_or_fracture,,,trauma_or_fracture,,route_trauma_or_fracture,prot_injury_fracture,,medium,,yes,自然，可保留,trauma_or_fracture,,
clean_0057,手被撞到，现在动起来疼,手被撞到，现在动起来疼,clean_control,,trauma_or_fracture,,,trauma_or_fracture,,route_trauma_or_fracture,prot_injury_fracture,,medium,,yes,自然，可保留,trauma_or_fracture,,
clean_0058,脚被砸到，现在很疼,脚被砸到，现在很疼,clean_control,,trauma_or_fracture,,,trauma_or_fracture,,route_trauma_or_fracture,prot_injury_fracture,,medium,,yes,自然，可保留,trauma_or_fracture,,
clean_0059,脚被砸到，现在肿了,脚被砸到，现在肿了,clean_control,,trauma_or_fracture,,,trauma_or_fracture,,route_trauma_or_fracture,prot_injury_fracture,,medium,,yes,自然，可保留,trauma_or_fracture,,
clean_0060,脚被砸到，现在动起来疼,脚被砸到，现在动起来疼,clean_control,,trauma_or_fracture,,,trauma_or_fracture,,route_trauma_or_fracture,prot_injury_fracture,,medium,,yes,自然，可保留,trauma_or_fracture,,
clean_0061,脚被扭到，现在很疼,脚被扭到，现在很疼,clean_control,,trauma_or_fracture,,,trauma_or_fracture,,route_trauma_or_fracture,prot_injury_fracture,,medium,,yes,自然，可保留,trauma_or_fracture,,
clean_0062,脚被扭到，现在肿了,脚被扭到，现在肿了,clean_control,,trauma_or_fracture,,,trauma_or_fracture,,route_trauma_or_fracture,prot_injury_fracture,,medium,,yes,自然，可保留,trauma_or_fracture,,
clean_0063,脚被扭到，现在动起来疼,脚被扭到，现在动起来疼,clean_control,,trauma_or_fracture,,,trauma_or_fracture,,route_trauma_or_fracture,prot_injury_fracture,,medium,,yes,自然，可保留,trauma_or_fracture,,
clean_0064,脚被撞到，现在很疼,脚被撞到，现在很疼,clean_control,,trauma_or_fracture,,,trauma_or_fracture,,route_trauma_or_fracture,prot_injury_fracture,,medium,,yes,自然，可保留,trauma_or_fracture,,
clean_0065,脚被撞到，现在肿了,脚被撞到，现在肿了,clean_control,,trauma_or_fracture,,,trauma_or_fracture,,route_trauma_or_fracture,prot_injury_fracture,,medium,,yes,自然，可保留,trauma_or_fracture,,
clean_0066,脚被撞到，现在动起来疼,脚被撞到，现在动起来疼,clean_control,,trauma_or_fracture,,,trauma_or_fracture,,route_trauma_or_fracture,prot_injury_fracture,,medium,,yes,自然，可保留,trauma_or_fracture,,
clean_0067,我腿被压住了,我腿被压住了,clean_control,,crush_injury,,,crush_injury,,route_crush_injury,prot_crush_injury,,high,,yes,自然，可保留；含pending_source_confirmation标签，pilot可用，gold前需确认来源,crush_injury,,
clean_0068,我手被重物压着,我手被重物压着,clean_control,,crush_injury,,,crush_injury,,route_crush_injury,prot_crush_injury,,high,,yes,自然，可保留；含pending_source_confirmation标签，pilot可用，gold前需确认来源,crush_injury,,
clean_0069,我胳膊被卡住了,我胳膊被卡住了,clean_control,,crush_injury,,,crush_injury,,route_crush_injury,prot_crush_injury,,high,,yes,自然，可保留；含pending_source_confirmation标签，pilot可用，gold前需确认来源,crush_injury,,
clean_0070,重物压着我的腿，已经有一会儿了,重物压着我的腿，已经有一会儿了,clean_control,,crush_injury,,,crush_injury,,route_crush_injury,prot_crush_injury,,high,,yes,自然，可保留；含pending_source_confirmation标签，pilot可用，gold前需确认来源,crush_injury,,
clean_0071,重物压着我的手，已经有一会儿了,重物压着我的手，已经有一会儿了,clean_control,,crush_injury,,,crush_injury,,route_crush_injury,prot_crush_injury,,high,,yes,自然，可保留；含pending_source_confirmation标签，pilot可用，gold前需确认来源,crush_injury,,
clean_0072,重物压着我的胳膊，已经有一会儿了,重物压着我的胳膊，已经有一会儿了,clean_control,,crush_injury,,,crush_injury,,route_crush_injury,prot_crush_injury,,high,,yes,自然，可保留；含pending_source_confirmation标签，pilot可用，gold前需确认来源,crush_injury,,
clean_0073,重物压着我的脚，已经有一会儿了,重物压着我的脚，已经有一会儿了,clean_control,,crush_injury,,,crush_injury,,route_crush_injury,prot_crush_injury,,high,,yes,自然，可保留；含pending_source_confirmation标签，pilot可用，gold前需确认来源,crush_injury,,
clean_0074,我头晕想吐,我头晕想吐,clean_control,,altered_consciousness_or_head_injury,,,altered_consciousness_or_head_injury,,route_head_or_consciousness,prot_head_injury,,high,,yes,自然，可保留,altered_consciousness_or_head_injury,,
clean_0075,我撞到头了,我撞到头了,clean_control,,altered_consciousness_or_head_injury,,,altered_consciousness_or_head_injury,,route_head_or_consciousness,prot_head_injury,,high,,yes,自然，可保留,altered_consciousness_or_head_injury,,
clean_0076,我眼前发黑,我眼前发黑,clean_control,,altered_consciousness_or_head_injury,,,altered_consciousness_or_head_injury,,route_head_or_consciousness,prot_head_injury,,high,,yes,自然，可保留,altered_consciousness_or_head_injury,,
clean_0077,我意识有点不清楚,我意识有点不清楚,clean_control,,altered_consciousness_or_head_injury,,,altered_consciousness_or_head_injury,,route_head_or_consciousness,prot_head_injury,,high,,yes,自然，可保留,altered_consciousness_or_head_injury,,
clean_0078,头被砸到，现在很晕,头被砸到，现在很晕,clean_control,,altered_consciousness_or_head_injury,,,altered_consciousness_or_head_injury,,route_head_or_consciousness,prot_head_injury,,high,,yes,自然，可保留,altered_consciousness_or_head_injury,,
clean_0079,头被砸到，现在想吐,头被砸到，现在想吐,clean_control,,altered_consciousness_or_head_injury,,,altered_consciousness_or_head_injury,,route_head_or_consciousness,prot_head_injury,,high,,yes,自然，可保留,altered_consciousness_or_head_injury,,
clean_0080,头被砸到，现在记不清刚才,头被砸到，现在记不清刚才,clean_control,,altered_consciousness_or_head_injury,,,altered_consciousness_or_head_injury,,route_head_or_consciousness,prot_head_injury,,high,,yes,自然，可保留,altered_consciousness_or_head_injury,,
clean_0081,头被撞到，现在很晕,头被撞到，现在很晕,clean_control,,altered_consciousness_or_head_injury,,,altered_consciousness_or_head_injury,,route_head_or_consciousness,prot_head_injury,,high,,yes,自然，可保留,altered_consciousness_or_head_injury,,
clean_0082,头被撞到，现在想吐,头被撞到，现在想吐,clean_control,,altered_consciousness_or_head_injury,,,altered_consciousness_or_head_injury,,route_head_or_consciousness,prot_head_injury,,high,,yes,自然，可保留,altered_consciousness_or_head_injury,,
clean_0083,头被撞到，现在记不清刚才,头被撞到，现在记不清刚才,clean_control,,altered_consciousness_or_head_injury,,,altered_consciousness_or_head_injury,,route_head_or_consciousness,prot_head_injury,,high,,yes,自然，可保留,altered_consciousness_or_head_injury,,
clean_0084,头被碰到，现在很晕,头被碰到，现在很晕,clean_control,,altered_consciousness_or_head_injury,,,altered_consciousness_or_head_injury,,route_head_or_consciousness,prot_head_injury,,high,,yes,自然，可保留,altered_consciousness_or_head_injury,,
clean_0085,头被碰到，现在想吐,头被碰到，现在想吐,clean_control,,altered_consciousness_or_head_injury,,,altered_consciousness_or_head_injury,,route_head_or_consciousness,prot_head_injury,,high,,yes,自然，可保留,altered_consciousness_or_head_injury,,
clean_0086,头被碰到，现在记不清刚才,头被碰到，现在记不清刚才,clean_control,,altered_consciousness_or_head_injury,,,altered_consciousness_or_head_injury,,route_head_or_consciousness,prot_head_injury,,high,,yes,自然，可保留,altered_consciousness_or_head_injury,,
clean_0087,我很冷,我很冷,clean_control,,hypothermia,,,hypothermia,,route_hypothermia,prot_hypothermia,,high,,yes,自然，可保留,hypothermia,,
clean_0088,我冷得发抖,我冷得发抖,clean_control,,hypothermia,,,hypothermia,,route_hypothermia,prot_hypothermia,,high,,yes,自然，可保留,hypothermia,,
clean_0089,我衣服湿透了,我衣服湿透了,clean_control,,hypothermia,,,hypothermia,,route_hypothermia,prot_hypothermia,,high,,yes,自然，可保留,hypothermia,,
clean_0090,我快冻僵了,我快冻僵了,clean_control,,hypothermia,,,hypothermia,,route_hypothermia,prot_hypothermia,,high,,yes,自然，可保留,hypothermia,,
clean_0091,这里很冷，我一直发抖,这里很冷，我一直发抖,clean_control,,hypothermia,,,hypothermia,,route_hypothermia,prot_hypothermia,,high,,yes,自然，可保留,hypothermia,,
clean_0092,这里很冷，我浑身很冷,这里很冷，我浑身很冷,clean_control,,hypothermia,,,hypothermia,,route_hypothermia,prot_hypothermia,,high,,yes,自然，可保留,hypothermia,,
clean_0093,这里很冷，我衣服湿透,这里很冷，我衣服湿透,clean_control,,hypothermia,,,hypothermia,,route_hypothermia,prot_hypothermia,,high,,yes,自然，可保留,hypothermia,,
clean_0094,这里有冷风，我一直发抖,这里有冷风，我一直发抖,clean_control,,hypothermia,,,hypothermia,,route_hypothermia,prot_hypothermia,,high,,yes,自然，可保留,hypothermia,,
clean_0095,这里有冷风，我浑身很冷,这里有冷风，我浑身很冷,clean_control,,hypothermia,,,hypothermia,,route_hypothermia,prot_hypothermia,,high,,yes,自然，可保留,hypothermia,,
clean_0096,这里有冷风，我衣服湿透,这里有冷风，我衣服湿透,clean_control,,hypothermia,,,hypothermia,,route_hypothermia,prot_hypothermia,,high,,yes,自然，可保留,hypothermia,,
clean_0097,这里地上都是水，我一直发抖,这里地上都是水，我一直发抖,clean_control,,hypothermia,,,hypothermia,,route_hypothermia,prot_hypothermia,,high,,yes,自然，可保留,hypothermia,,
clean_0098,这里地上都是水，我浑身很冷,这里地上都是水，我浑身很冷,clean_control,,hypothermia,,,hypothermia,,route_hypothermia,prot_hypothermia,,high,,yes,自然，可保留,hypothermia,,
clean_0099,这里地上都是水，我衣服湿透,这里地上都是水，我衣服湿透,clean_control,,hypothermia,,,hypothermia,,route_hypothermia,prot_hypothermia,,high,,yes,自然，可保留,hypothermia,,
clean_0100,我现在很害怕,我现在很害怕,clean_control,,psychological_distress,,,psychological_distress,,route_psychological_support,prot_psychological_support,,medium,,yes,自然，可保留,psychological_distress,,
clean_0101,我现在很慌,我现在很慌,clean_control,,psychological_distress,,,psychological_distress,,route_psychological_support,prot_psychological_support,,medium,,yes,自然，可保留,psychological_distress,,
clean_0102,我现在很想哭,我现在很想哭,clean_control,,psychological_distress,,,psychological_distress,,route_psychological_support,prot_psychological_support,,medium,,yes,自然，可保留,psychological_distress,,
clean_0103,我现在很脑子很乱,我现在很脑子很乱,clean_control,,psychological_distress,,,psychological_distress,,route_psychological_support,prot_psychological_support,,medium,,yes,自然，可保留,psychological_distress,,
clean_0104,我很害怕，不知道该怎么办,我很害怕，不知道该怎么办,clean_control,,psychological_distress,,,psychological_distress,,route_psychological_support,prot_psychological_support,,medium,,yes,自然，可保留,psychological_distress,,
clean_0105,我很慌，不知道该怎么办,我很慌，不知道该怎么办,clean_control,,psychological_distress,,,psychological_distress,,route_psychological_support,prot_psychological_support,,medium,,yes,自然，可保留,psychological_distress,,
clean_0106,我快崩溃了，不知道该怎么办,我快崩溃了，不知道该怎么办,clean_control,,psychological_distress,,,psychological_distress,,route_psychological_support,prot_psychological_support,,medium,,yes,自然，可保留,psychological_distress,,
clean_0107,我想哭，不知道该怎么办,我想哭，不知道该怎么办,clean_control,,psychological_distress,,,psychological_distress,,route_psychological_support,prot_psychological_support,,medium,,yes,自然，可保留,psychological_distress,,
clean_0108,我被困住了,我被困住了,clean_control,,trapped_or_entrapment,,,trapped_or_entrapment,,route_trapped_or_entrapment,prot_entrapment,,high,,yes,自然，可保留；含pending_source_confirmation标签，pilot可用，gold前需确认来源,trapped_or_entrapment,,
clean_0109,我出不去,我出不去,clean_control,,trapped_or_entrapment,,,trapped_or_entrapment,,route_trapped_or_entrapment,prot_entrapment,,high,,yes,自然，可保留；含pending_source_confirmation标签，pilot可用，gold前需确认来源,trapped_or_entrapment,,
clean_0110,我卡在里面,我卡在里面,clean_control,,trapped_or_entrapment,,,trapped_or_entrapment,,route_trapped_or_entrapment,prot_entrapment,,high,,yes,自然，可保留；含pending_source_confirmation标签，pilot可用，gold前需确认来源,trapped_or_entrapment,,
clean_0111,我门打不开,我门打不开,clean_control,,trapped_or_entrapment,,,trapped_or_entrapment,,route_trapped_or_entrapment,prot_entrapment,,high,,yes,自然，可保留；含pending_source_confirmation标签，pilot可用，gold前需确认来源,trapped_or_entrapment,,
clean_0112,我在废墟里出不去,我在废墟里出不去,clean_control,,trapped_or_entrapment,,,trapped_or_entrapment,,route_trapped_or_entrapment,prot_entrapment,,high,,yes,自然，可保留；含pending_source_confirmation标签，pilot可用，gold前需确认来源,trapped_or_entrapment,,
clean_0113,我在废墟里被困着,我在废墟里被困着,clean_control,,trapped_or_entrapment,,,trapped_or_entrapment,,route_trapped_or_entrapment,prot_entrapment,,high,,yes,自然，可保留；含pending_source_confirmation标签，pilot可用，gold前需确认来源,trapped_or_entrapment,,
clean_0114,我在废墟里卡住了,我在废墟里卡住了,clean_control,,trapped_or_entrapment,,,trapped_or_entrapment,,route_trapped_or_entrapment,prot_entrapment,,high,,yes,自然，可保留；含pending_source_confirmation标签，pilot可用，gold前需确认来源,trapped_or_entrapment,,
clean_0115,我在房间里出不去,我在房间里出不去,clean_control,,trapped_or_entrapment,,,trapped_or_entrapment,,route_trapped_or_entrapment,prot_entrapment,,high,,yes,自然，可保留；含pending_source_confirmation标签，pilot可用，gold前需确认来源,trapped_or_entrapment,,
clean_0116,我在房间里被困着,我在房间里被困着,clean_control,,trapped_or_entrapment,,,trapped_or_entrapment,,route_trapped_or_entrapment,prot_entrapment,,high,,yes,自然，可保留；含pending_source_confirmation标签，pilot可用，gold前需确认来源,trapped_or_entrapment,,
clean_0117,我在房间里卡住了,我在房间里卡住了,clean_control,,trapped_or_entrapment,,,trapped_or_entrapment,,route_trapped_or_entrapment,prot_entrapment,,high,,yes,自然，可保留；含pending_source_confirmation标签，pilot可用，gold前需确认来源,trapped_or_entrapment,,
clean_0118,我在楼梯间里出不去,我在楼梯间里出不去,clean_control,,trapped_or_entrapment,,,trapped_or_entrapment,,route_trapped_or_entrapment,prot_entrapment,,high,,yes,自然，可保留；含pending_source_confirmation标签，pilot可用，gold前需确认来源,trapped_or_entrapment,,
clean_0119,我在楼梯间里被困着,我在楼梯间里被困着,clean_control,,trapped_or_entrapment,,,trapped_or_entrapment,,route_trapped_or_entrapment,prot_entrapment,,high,,yes,自然，可保留；含pending_source_confirmation标签，pilot可用，gold前需确认来源,trapped_or_entrapment,,
clean_0120,我在楼梯间里卡住了,我在楼梯间里卡住了,clean_control,,trapped_or_entrapment,,,trapped_or_entrapment,,route_trapped_or_entrapment,prot_entrapment,,high,,yes,自然，可保留；含pending_source_confirmation标签，pilot可用，gold前需确认来源,trapped_or_entrapment,,
clean_0121,我在车里里出不去,我在车里里出不去,clean_control,,trapped_or_entrapment,,,trapped_or_entrapment,,route_trapped_or_entrapment,prot_entrapment,,high,,yes,自然，可保留；含pending_source_confirmation标签，pilot可用，gold前需确认来源,trapped_or_entrapment,,
clean_0122,我在车里里被困着,我在车里里被困着,clean_control,,trapped_or_entrapment,,,trapped_or_entrapment,,route_trapped_or_entrapment,prot_entrapment,,high,,yes,自然，可保留；含pending_source_confirmation标签，pilot可用，gold前需确认来源,trapped_or_entrapment,,
clean_0123,我在车里里卡住了,我在车里里卡住了,clean_control,,trapped_or_entrapment,,,trapped_or_entrapment,,route_trapped_or_entrapment,prot_entrapment,,high,,yes,自然，可保留；含pending_source_confirmation标签，pilot可用，gold前需确认来源,trapped_or_entrapment,,
clean_0124,又有余震,又有余震,clean_control,,aftershock_or_collapse_hazard,,,aftershock_or_collapse_hazard,,route_aftershock_or_collapse_hazard,prot_aftershock_collapse,,high,,yes,自然，可保留；含pending_source_confirmation标签，pilot可用，gold前需确认来源,aftershock_or_collapse_hazard,,
clean_0125,墙还在裂,墙还在裂,clean_control,,aftershock_or_collapse_hazard,,,aftershock_or_collapse_hazard,,route_aftershock_or_collapse_hazard,prot_aftershock_collapse,,high,,yes,自然，可保留；含pending_source_confirmation标签，pilot可用，gold前需确认来源,aftershock_or_collapse_hazard,,
clean_0126,上面在掉东西,上面在掉东西,clean_control,,aftershock_or_collapse_hazard,,,aftershock_or_collapse_hazard,,route_aftershock_or_collapse_hazard,prot_aftershock_collapse,,high,,yes,自然，可保留；含pending_source_confirmation标签，pilot可用，gold前需确认来源,aftershock_or_collapse_hazard,,
clean_0127,楼好像要塌,楼好像要塌,clean_control,,aftershock_or_collapse_hazard,,,aftershock_or_collapse_hazard,,route_aftershock_or_collapse_hazard,prot_aftershock_collapse,,high,,yes,自然，可保留；含pending_source_confirmation标签，pilot可用，gold前需确认来源,aftershock_or_collapse_hazard,,
clean_0128,刚停下来又开始晃了,刚停下来又开始晃了,clean_control,,aftershock_or_collapse_hazard,,,aftershock_or_collapse_hazard,,route_aftershock_or_collapse_hazard,prot_aftershock_collapse,,high,,yes,自然，可保留；含pending_source_confirmation标签，pilot可用，gold前需确认来源,aftershock_or_collapse_hazard,,
clean_0129,刚停下来又有东西掉下来,刚停下来又有东西掉下来,clean_control,,aftershock_or_collapse_hazard,,,aftershock_or_collapse_hazard,,route_aftershock_or_collapse_hazard,prot_aftershock_collapse,,high,,yes,自然，可保留；含pending_source_confirmation标签，pilot可用，gold前需确认来源,aftershock_or_collapse_hazard,,
clean_0130,刚停下来又听到墙在裂,刚停下来又听到墙在裂,clean_control,,aftershock_or_collapse_hazard,,,aftershock_or_collapse_hazard,,route_aftershock_or_collapse_hazard,prot_aftershock_collapse,,high,,yes,自然，可保留；含pending_source_confirmation标签，pilot可用，gold前需确认来源,aftershock_or_collapse_hazard,,
clean_0131,我被困很久很渴,我被困很久很渴,clean_control,,dehydration_or_resource_deprivation,,,dehydration_or_resource_deprivation,,route_dehydration_or_resource_deprivation,prot_resource_deprivation,,medium,,yes,自然，可保留；含pending_source_confirmation标签，pilot可用，gold前需确认来源,dehydration_or_resource_deprivation,,
clean_0132,我没水,我没水,clean_control,,dehydration_or_resource_deprivation,,,dehydration_or_resource_deprivation,,route_dehydration_or_resource_deprivation,prot_resource_deprivation,,medium,,yes,自然，可保留；含pending_source_confirmation标签，pilot可用，gold前需确认来源,dehydration_or_resource_deprivation,,
clean_0133,我没吃的,我没吃的,clean_control,,dehydration_or_resource_deprivation,,,dehydration_or_resource_deprivation,,route_dehydration_or_resource_deprivation,prot_resource_deprivation,,medium,,yes,自然，可保留；含pending_source_confirmation标签，pilot可用，gold前需确认来源,dehydration_or_resource_deprivation,,
clean_0134,我嘴很干没水,我嘴很干没水,clean_control,,dehydration_or_resource_deprivation,,,dehydration_or_resource_deprivation,,route_dehydration_or_resource_deprivation,prot_resource_deprivation,,medium,,yes,自然，可保留；含pending_source_confirmation标签，pilot可用，gold前需确认来源,dehydration_or_resource_deprivation,,
clean_0135,我被困很久了，没有水,我被困很久了，没有水,clean_control,,dehydration_or_resource_deprivation,,,dehydration_or_resource_deprivation,,route_dehydration_or_resource_deprivation,prot_resource_deprivation,,medium,,yes,自然，可保留；含pending_source_confirmation标签，pilot可用，gold前需确认来源,dehydration_or_resource_deprivation,,
clean_0136,我被困很久了，没有食物,我被困很久了，没有食物,clean_control,,dehydration_or_resource_deprivation,,,dehydration_or_resource_deprivation,,route_dehydration_or_resource_deprivation,prot_resource_deprivation,,medium,,yes,自然，可保留；含pending_source_confirmation标签，pilot可用，gold前需确认来源,dehydration_or_resource_deprivation,,
clean_0137,我被困很久了，很渴,我被困很久了，很渴,clean_control,,dehydration_or_resource_deprivation,,,dehydration_or_resource_deprivation,,route_dehydration_or_resource_deprivation,prot_resource_deprivation,,medium,,yes,自然，可保留；含pending_source_confirmation标签，pilot可用，gold前需确认来源,dehydration_or_resource_deprivation,,
clean_0138,我被困很久了，没力气,我被困很久了，没力气,clean_control,,dehydration_or_resource_deprivation,,,dehydration_or_resource_deprivation,,route_dehydration_or_resource_deprivation,prot_resource_deprivation,,medium,,yes,自然，可保留；含pending_source_confirmation标签，pilot可用，gold前需确认来源,dehydration_or_resource_deprivation,,
clean_0139,手机快没电了,手机快没电了,clean_control,,,,low_battery,low_battery,,,,,low,,yes,自然，可保留,low_battery,,
clean_0140,手机电量很低,手机电量很低,clean_control,,,,low_battery,low_battery,,,,,low,,yes,自然，可保留,low_battery,,
clean_0141,手机快关机了,手机快关机了,clean_control,,,,low_battery,low_battery,,,,,low,,yes,自然，可保留,low_battery,,
clean_0142,手机只剩百分之五,手机只剩百分之五,clean_control,,,,low_battery,low_battery,,,,,low,,yes,自然，可保留,low_battery,,
boundary_0001,你能帮我写诗吗,你能帮我写诗吗,out_of_scope,,out_of_scope,,,out_of_scope,,route_out_of_scope,,,low,,yes,自然，可保留,out_of_scope,,
boundary_0002,你能帮我做股票分析吗,你能帮我做股票分析吗,out_of_scope,,out_of_scope,,,out_of_scope,,route_out_of_scope,,,low,,yes,自然，可保留,out_of_scope,,
boundary_0003,你能帮我玩游戏吗,你能帮我玩游戏吗,out_of_scope,,out_of_scope,,,out_of_scope,,route_out_of_scope,,,low,,yes,自然，可保留,out_of_scope,,
boundary_0004,你能帮我写作业答案吗,你能帮我写作业答案吗,out_of_scope,,out_of_scope,,,out_of_scope,,route_out_of_scope,,,low,,yes,自然，可保留,out_of_scope,,
